"Date","Price","Open","High","Low","Change %"
"Jan 28, 2022","87.79","87.83","89.31","86.93","-0.08%"
"Jan 27, 2022","87.86","87.84","89.05","86.70","-0.03%"
"Jan 26, 2022","87.89","85.84","88.46","85.50","2.36%"
"Jan 25, 2022","85.86","84.72","86.23","83.52","1.37%"
"Jan 24, 2022","84.70","86.39","86.64","82.44","-1.96%"
"Jan 23, 2022","86.39","85.52","86.42","85.30","1.12%"
"Jan 21, 2022","85.43","84.67","86.16","83.38","0.90%"
"Jan 20, 2022","84.67","85.61","87.71","84.59","-1.06%"
"Jan 19, 2022","85.58","86.75","87.42","85.56","-1.35%"
"Jan 18, 2022","86.75","84.33","86.94","84.22","2.87%"
"Jan 17, 2022","84.33","84.49","84.62","83.58","-0.20%"
"Jan 16, 2022","84.50","84.50","84.75","84.33","0.18%"
"Jan 14, 2022","84.35","82.02","84.49","81.78","2.83%"
"Jan 13, 2022","82.03","82.86","83.04","81.61","-1.00%"
"Jan 12, 2022","82.86","81.42","83.21","81.28","1.77%"
"Jan 11, 2022","81.42","78.72","81.72","78.50","3.46%"
"Jan 10, 2022","78.70","78.72","79.58","77.98","0.00%"
"Jan 09, 2022","78.70","79.03","79.23","78.50","-0.47%"
"Jan 07, 2022","79.07","79.67","80.64","78.72","-0.78%"
"Jan 06, 2022","79.69","77.38","80.43","76.92","2.97%"
"Jan 05, 2022","77.39","77.23","78.76","76.72","0.18%"
"Jan 04, 2022","77.25","76.19","77.84","75.92","1.42%"
"Jan 03, 2022","76.17","76.05","76.65","74.50","0.18%"
"Jan 02, 2022","76.03","75.83","76.12","75.83","0.53%"
"Dec 31, 2021","75.63","76.59","77.33","75.22","-1.28%"
"Dec 30, 2021","76.61","76.81","77.71","76.06","-0.30%"
"Dec 29, 2021","76.84","76.41","77.66","75.67","0.55%"
"Dec 28, 2021","76.42","76.11","77.22","75.83","0.37%"
"Dec 27, 2021","76.14","73.62","76.40","72.88","3.44%"
"Dec 26, 2021","73.61","73.69","73.77","73.39","-0.61%"
"Dec 23, 2021","74.06","73.42","74.31","72.64","0.87%"
"Dec 22, 2021","73.42","71.61","73.56","71.22","2.53%"
"Dec 21, 2021","71.61","69.58","71.91","68.92","2.95%"
"Dec 20, 2021","69.56","69.64","69.89","66.48","-0.07%"
"Dec 19, 2021","69.61","70.28","70.28","69.20","-1.30%"
"Dec 17, 2021","70.53","72.09","72.45","70.16","-2.15%"
"Dec 16, 2021","72.08","71.81","73.17","71.28","0.35%"
"Dec 15, 2021","71.83","70.55","71.94","69.64","1.87%"
"Dec 14, 2021","70.51","71.48","72.22","69.76","-1.34%"
"Dec 13, 2021","71.47","72.73","73.22","70.94","-1.72%"
"Dec 12, 2021","72.72","72.34","72.78","72.28","0.62%"
"Dec 10, 2021","72.27","70.86","72.63","70.66","2.02%"
"Dec 09, 2021","70.84","72.93","73.67","70.72","-2.88%"
"Dec 08, 2021","72.94","72.22","73.37","71.28","1.00%"
"Dec 07, 2021","72.22","70.14","73.41","70.06","2.94%"
"Dec 06, 2021","70.16","67.94","70.56","67.70","3.25%"
"Dec 05, 2021","67.95","67.25","68.05","67.25","1.81%"
"Dec 03, 2021","66.74","67.83","69.69","66.08","-1.62%"
"Dec 02, 2021","67.84","66.75","68.45","62.98","1.60%"
"Dec 01, 2021","66.77","67.48","70.03","65.38","-1.04%"
"Nov 30, 2021","67.47","71.44","71.78","64.98","-5.53%"
"Nov 29, 2021","71.42","72.02","73.56","69.52","-0.81%"
"Nov 28, 2021","72.00","70.16","72.31","70.16","4.51%"
"Nov 26, 2021","68.89","78.19","78.33","68.08","-11.87%"
"Nov 25, 2021","78.17","79.19","79.47","78.06","-1.26%"
"Nov 24, 2021","79.17","79.08","80.06","78.83","0.11%"
"Nov 23, 2021","79.08","77.25","79.74","76.14","2.36%"
"Nov 22, 2021","77.26","76.44","78.05","76.03","1.10%"
"Nov 21, 2021","76.42","76.64","76.64","75.66","-0.27%"
"Nov 19, 2021","76.63","79.30","80.34","76.09","-3.38%"
"Nov 18, 2021","79.31","78.55","79.83","77.47","0.99%"
"Nov 17, 2021","78.53","80.61","80.61","78.01","-2.58%"
"Nov 16, 2021","80.61","80.81","81.81","80.09","-0.24%"
"Nov 15, 2021","80.80","81.00","81.09","79.42","-0.27%"
"Nov 14, 2021","81.02","80.92","81.19","80.86","0.27%"
"Nov 12, 2021","80.80","81.50","81.73","79.94","-0.86%"
"Nov 11, 2021","81.50","81.72","82.47","80.39","-0.27%"
"Nov 10, 2021","81.72","84.84","84.91","81.00","-3.67%"
"Nov 09, 2021","84.83","82.25","85.14","82.00","3.12%"
"Nov 08, 2021","82.26","81.75","82.89","81.55","0.60%"
"Nov 07, 2021","81.77","81.36","81.97","81.36","0.41%"
"Nov 05, 2021","81.44","80.05","82.07","79.25","1.74%"
"Nov 04, 2021","80.05","80.67","83.70","78.57","-0.76%"
"Nov 03, 2021","80.66","83.26","83.31","80.02","-3.15%"
"Nov 02, 2021","83.28","84.22","84.77","82.89","-1.13%"
"Nov 01, 2021","84.23","83.36","85.25","83.17","1.07%"
"Oct 31, 2021","83.34","83.47","83.59","83.11","-0.39%"
"Oct 29, 2021","83.67","83.19","84.17","81.84","0.61%"
"Oct 28, 2021","83.16","82.66","83.66","81.11","0.59%"
"Oct 27, 2021","82.67","84.75","84.97","82.48","-2.40%"
"Oct 26, 2021","84.70","84.31","85.36","83.47","0.46%"
"Oct 25, 2021","84.31","84.58","85.92","83.89","-0.32%"
"Oct 24, 2021","84.58","84.53","84.78","84.28","0.02%"
"Oct 22, 2021","84.56","82.89","84.79","82.33","2.03%"
"Oct 21, 2021","82.88","84.20","84.53","81.38","-1.63%"
"Oct 20, 2021","84.25","83.16","84.36","81.39","1.36%"
"Oct 19, 2021","83.12","82.23","83.61","81.70","1.06%"
"Oct 18, 2021","82.25","83.03","83.83","81.85","-0.90%"
"Oct 17, 2021","83.00","82.64","83.17","82.64","0.52%"
"Oct 15, 2021","82.57","81.77","82.67","81.64","0.97%"
"Oct 14, 2021","81.78","80.83","81.91","80.48","1.18%"
"Oct 13, 2021","80.83","80.40","81.11","79.50","0.56%"
"Oct 12, 2021","80.38","80.50","81.69","79.56","-0.12%"
"Oct 11, 2021","80.48","79.77","82.25","79.72","0.88%"
"Oct 10, 2021","79.78","79.70","80.39","79.70","0.13%"
"Oct 08, 2021","79.68","78.92","80.22","78.75","0.94%"
"Oct 07, 2021","78.94","77.28","79.05","75.09","2.11%"
"Oct 06, 2021","77.31","79.14","79.91","76.96","-2.29%"
"Oct 05, 2021","79.12","77.70","79.61","77.61","1.84%"
"Oct 04, 2021","77.69","76.00","78.51","75.47","2.26%"
"Oct 03, 2021","75.97","76.12","76.27","75.88","0.12%"
"Oct 01, 2021","75.88","75.45","76.14","74.39","0.58%"
"Sep 30, 2021","75.44","74.83","76.24","73.33","0.77%"
"Sep 29, 2021","74.86","74.64","75.96","73.92","0.29%"
"Sep 28, 2021","74.64","75.59","76.86","74.44","-1.24%"
"Sep 27, 2021","75.58","75.02","75.94","74.78","0.73%"
"Sep 26, 2021","75.03","74.47","75.03","74.38","1.12%"
"Sep 24, 2021","74.20","73.52","74.48","73.03","0.95%"
"Sep 23, 2021","73.50","72.17","73.72","71.84","1.81%"
"Sep 22, 2021","72.19","70.95","72.53","70.88","1.72%"
"Sep 21, 2021","70.97","70.89","71.70","69.64","0.11%"
"Sep 20, 2021","70.89","71.76","71.89","69.97","-1.20%"
"Sep 19, 2021","71.75","72.03","72.16","71.61","-0.47%"
"Sep 17, 2021","72.09","72.61","72.73","71.31","-0.72%"
"Sep 16, 2021","72.61","72.56","73.00","71.59","0.03%"
"Sep 15, 2021","72.59","70.88","73.16","70.72","2.47%"
"Sep 14, 2021","70.84","70.67","71.25","70.04","0.21%"
"Sep 13, 2021","70.69","70.17","71.03","69.89","0.74%"
"Sep 12, 2021","70.17","69.69","70.22","69.58","0.60%"
"Sep 10, 2021","69.75","68.03","70.03","67.78","2.53%"
"Sep 09, 2021","68.03","69.31","69.97","67.67","-1.88%"
"Sep 08, 2021","69.33","68.55","69.84","68.44","1.17%"
"Sep 07, 2021","68.53","68.92","69.50","67.75","-0.52%"
"Sep 06, 2021","68.89","68.86","69.58","68.36","0.04%"
"Sep 05, 2021","68.86","69.27","69.36","68.83","-0.56%"
"Sep 03, 2021","69.25","69.88","70.64","69.23","-0.87%"
"Sep 02, 2021","69.86","68.33","70.75","67.98","2.22%"
"Sep 01, 2021","68.34","68.64","69.38","67.27","-0.44%"
"Aug 31, 2021","68.64","69.28","69.48","68.33","-0.92%"
"Aug 30, 2021","69.28","69.52","69.52","67.83","-0.32%"
"Aug 29, 2021","69.50","69.47","69.77","69.05","0.89%"
"Aug 27, 2021","68.89","68.00","69.22","67.69","1.31%"
"Aug 26, 2021","68.00","68.14","68.47","67.22","-0.25%"
"Aug 25, 2021","68.17","67.56","68.72","67.12","0.83%"
"Aug 24, 2021","67.61","65.72","67.99","65.61","2.86%"
"Aug 23, 2021","65.73","62.49","66.18","62.49","5.15%"
"Aug 22, 2021","62.51","62.03","62.63","61.98","0.73%"
"Aug 20, 2021","62.06","63.84","64.23","62.05","-2.82%"
"Aug 19, 2021","63.86","64.77","64.77","62.63","-1.30%"
"Aug 18, 2021","64.70","66.61","67.52","64.38","-2.84%"
"Aug 17, 2021","66.59","67.61","67.73","66.38","-1.55%"
"Aug 16, 2021","67.64","68.13","68.18","65.80","-0.70%"
"Aug 15, 2021","68.12","67.97","68.31","67.88","0.03%"
"Aug 13, 2021","68.10","68.92","69.29","67.88","-1.18%"
"Aug 12, 2021","68.91","69.42","69.70","68.56","-0.69%"
"Aug 11, 2021","69.39","68.58","69.52","66.77","1.18%"
"Aug 10, 2021","68.58","67.08","68.98","66.67","2.28%"
"Aug 09, 2021","67.05","67.27","67.34","65.26","-0.37%"
"Aug 08, 2021","67.30","67.94","67.95","66.81","-1.06%"
"Aug 06, 2021","68.02","69.17","70.31","67.95","-1.66%"
"Aug 05, 2021","69.17","68.25","69.49","67.76","1.35%"
"Aug 04, 2021","68.25","70.58","70.95","68.01","-3.27%"
"Aug 03, 2021","70.56","71.58","72.11","69.39","-1.40%"
"Aug 02, 2021","71.56","73.91","73.94","70.75","-3.19%"
"Aug 01, 2021","73.92","74.02","74.11","73.91","-0.03%"
"Jul 30, 2021","73.94","73.53","74.44","73.16","0.57%"
"Jul 29, 2021","73.52","72.62","73.89","72.48","1.21%"
"Jul 28, 2021","72.64","72.23","72.83","71.94","0.58%"
"Jul 27, 2021","72.22","72.31","72.56","71.33","-0.15%"
"Jul 26, 2021","72.33","72.39","72.55","70.83","-0.17%"
"Jul 23, 2021","72.45","72.00","72.46","71.69","0.62%"
"Jul 22, 2021","72.00","70.53","72.31","70.14","2.08%"
"Jul 21, 2021","70.53","67.06","70.80","66.78","5.22%"
"Jul 20, 2021","67.03","67.17","67.89","65.38","-0.24%"
"Jul 19, 2021","67.19","71.42","71.44","65.89","-5.92%"
"Jul 18, 2021","71.42","71.36","71.69","71.00","-0.14%"
"Jul 16, 2021","71.52","71.42","72.34","70.47","0.11%"
"Jul 15, 2021","71.44","72.88","73.00","71.38","-1.95%"
"Jul 14, 2021","72.86","75.11","75.53","72.34","-3.01%"
"Jul 13, 2021","75.12","74.34","75.59","73.78","1.06%"
"Jul 12, 2021","74.33","74.81","74.91","73.28","-0.67%"
"Jul 11, 2021","74.83","74.97","74.97","74.75","0.07%"
"Jul 09, 2021","74.78","73.36","74.92","72.89","1.89%"
"Jul 08, 2021","73.39","72.28","73.50","70.94","1.54%"
"Jul 07, 2021","72.28","73.75","75.06","71.27","-2.02%"
"Jul 06, 2021","73.77","76.45","77.17","73.15","-3.49%"
"Jul 05, 2021","76.44","75.34","76.59","74.97","1.43%"
"Jul 04, 2021","75.36","75.42","75.50","75.20","0.09%"
"Jul 02, 2021","75.29","75.25","75.81","74.68","0.01%"
"Jul 01, 2021","75.28","73.75","76.48","73.66","2.05%"
"Jun 30, 2021","73.77","73.72","74.39","73.09","0.07%"
"Jun 29, 2021","73.72","73.16","74.08","72.26","0.75%"
"Jun 28, 2021","73.17","74.45","74.75","72.92","-1.71%"
"Jun 27, 2021","74.44","74.33","74.47","74.29","0.13%"
"Jun 25, 2021","74.34","73.61","74.51","73.19","1.02%"
"Jun 24, 2021","73.59","73.51","73.94","72.67","0.10%"
"Jun 23, 2021","73.52","73.20","74.60","73.17","0.45%"
"Jun 22, 2021","73.19","73.39","73.83","72.83","-0.30%"
"Jun 21, 2021","73.41","71.81","73.64","71.16","2.19%"
"Jun 20, 2021","71.84","71.50","71.97","71.50","0.63%"
"Jun 18, 2021","71.39","70.88","72.16","70.16","0.68%"
"Jun 17, 2021","70.91","71.55","72.29","69.77","-0.78%"
"Jun 16, 2021","71.47","72.40","72.96","71.41","-1.27%"
"Jun 15, 2021","72.39","71.05","72.49","70.81","1.91%"
"Jun 14, 2021","71.03","70.94","71.76","70.72","0.11%"
"Jun 13, 2021","70.95","70.78","71.03","70.73","0.23%"
"Jun 11, 2021","70.79","70.14","71.22","69.67","0.88%"
"Jun 10, 2021","70.17","69.71","70.64","68.69","0.67%"
"Jun 09, 2021","69.70","70.03","70.61","69.45","-0.43%"
"Jun 08, 2021","70.00","69.11","70.26","68.47","1.32%"
"Jun 07, 2021","69.09","69.72","69.98","68.94","-0.88%"
"Jun 06, 2021","69.70","69.47","69.72","69.42","0.45%"
"Jun 04, 2021","69.39","68.77","69.75","68.33","0.93%"
"Jun 03, 2021","68.75","68.71","69.38","68.17","0.04%"
"Jun 02, 2021","68.72","67.87","68.98","67.77","1.19%"
"Jun 01, 2021","67.91","66.94","68.85","66.88","1.45%"
"May 31, 2021","66.94","66.56","67.39","66.39","0.57%"
"May 30, 2021","66.56","66.67","66.72","66.52","-0.12%"
"May 28, 2021","66.64","67.31","67.50","66.16","-0.98%"
"May 27, 2021","67.30","66.09","67.44","65.45","1.80%"
"May 26, 2021","66.11","65.92","66.41","65.23","0.33%"
"May 25, 2021","65.89","66.00","66.48","65.39","-0.17%"
"May 24, 2021","66.00","63.64","66.11","63.64","3.74%"
"May 23, 2021","63.62","63.77","63.78","63.62","-0.34%"
"May 21, 2021","63.84","62.08","64.04","61.55","2.82%"
"May 20, 2021","62.09","63.33","63.92","61.66","-1.97%"
"May 19, 2021","63.34","65.17","65.20","61.95","-2.81%"
"May 18, 2021","65.17","66.33","67.00","64.11","-1.76%"
"May 17, 2021","66.34","65.55","66.42","64.84","1.24%"
"May 16, 2021","65.53","65.53","65.69","65.42","0.06%"
"May 14, 2021","65.49","63.81","65.58","63.34","2.62%"
"May 13, 2021","63.82","65.72","65.78","63.09","-2.85%"
"May 12, 2021","65.69","65.53","66.59","64.95","0.29%"
"May 11, 2021","65.50","64.94","65.53","63.66","0.85%"
"May 10, 2021","64.95","65.44","65.72","63.93","-0.75%"
"May 09, 2021","65.44","65.36","65.53","65.16","0.97%"
"May 07, 2021","64.81","64.86","65.20","63.88","-0.11%"
"May 06, 2021","64.88","65.06","65.94","64.51","-0.32%"
"May 05, 2021","65.09","66.22","66.71","64.89","-1.68%"
"May 04, 2021","66.20","64.58","66.25","64.25","2.46%"
"May 03, 2021","64.61","63.70","64.69","62.89","1.43%"
"May 02, 2021","63.70","63.53","63.73","63.51","0.41%"
"Apr 30, 2021","63.44","64.72","64.81","63.05","-2.02%"
"Apr 29, 2021","64.75","63.78","65.40","63.73","1.54%"
"Apr 28, 2021","63.77","62.98","64.47","62.62","1.30%"
"Apr 27, 2021","62.95","61.99","63.24","61.88","1.50%"
"Apr 26, 2021","62.02","61.89","62.26","60.62","0.23%"
"Apr 25, 2021","61.88","62.08","62.20","61.87","-0.16%"
"Apr 23, 2021","61.98","61.77","62.37","61.20","0.29%"
"Apr 22, 2021","61.80","61.06","62.05","60.56","1.18%"
"Apr 21, 2021","61.08","62.30","62.49","60.81","-1.93%"
"Apr 20, 2021","62.28","63.53","64.30","61.47","-2.00%"
"Apr 19, 2021","63.55","62.80","63.62","62.62","1.19%"
"Apr 18, 2021","62.80","63.05","63.11","62.78","-0.43%"
"Apr 16, 2021","63.07","63.34","63.87","62.84","-0.43%"
"Apr 15, 2021","63.34","62.87","63.56","62.53","0.73%"
"Apr 14, 2021","62.88","60.51","63.43","60.38","3.90%"
"Apr 13, 2021","60.52","59.74","60.63","59.64","1.27%"
"Apr 12, 2021","59.76","59.55","60.74","58.73","0.35%"
"Apr 11, 2021","59.55","59.31","59.58","59.31","0.39%"
"Apr 09, 2021","59.32","59.73","59.91","59.11","-0.69%"
"Apr 08, 2021","59.73","59.61","59.91","58.82","0.18%"
"Apr 07, 2021","59.62","59.18","60.02","58.11","0.76%"
"Apr 06, 2021","59.17","58.86","60.87","58.61","0.48%"
"Apr 05, 2021","58.89","61.27","61.36","57.62","-3.87%"
"Apr 04, 2021","61.26","61.38","61.38","60.89","0.02%"
"Apr 01, 2021","61.25","59.55","61.71","58.87","2.85%"
"Mar 31, 2021","59.55","60.38","61.14","58.83","-1.37%"
"Mar 30, 2021","60.38","62.08","62.08","59.95","-2.75%"
"Mar 29, 2021","62.09","60.77","62.22","59.39","2.26%"
"Mar 28, 2021","60.72","60.82","60.83","60.38","0.02%"
"Mar 26, 2021","60.71","58.73","61.33","58.67","3.35%"
"Mar 25, 2021","58.74","60.56","60.80","57.43","-3.05%"
"Mar 24, 2021","60.59","57.55","61.30","57.41","5.32%"
"Mar 23, 2021","57.53","61.27","61.27","57.23","-6.10%"
"Mar 22, 2021","61.27","60.87","61.99","60.33","0.64%"
"Mar 21, 2021","60.88","60.98","61.20","60.84","-0.94%"
"Mar 19, 2021","61.46","59.74","61.76","58.92","2.84%"
"Mar 18, 2021","59.76","64.53","64.81","58.32","-7.46%"
"Mar 17, 2021","64.58","64.88","65.33","63.59","-0.46%"
"Mar 16, 2021","64.88","65.28","65.41","63.80","-0.64%"
"Mar 15, 2021","65.30","65.94","66.39","64.14","-0.97%"
"Mar 14, 2021","65.94","65.78","66.14","65.69","0.61%"
"Mar 12, 2021","65.54","65.89","66.20","65.39","-0.53%"
"Mar 11, 2021","65.89","64.67","66.17","64.53","1.93%"
"Mar 10, 2021","64.64","63.94","64.92","63.12","1.13%"
"Mar 09, 2021","63.92","64.86","65.95","63.64","-1.45%"
"Mar 08, 2021","64.86","67.11","67.94","64.56","-3.37%"
"Mar 07, 2021","67.12","66.72","67.80","66.72","1.34%"
"Mar 05, 2021","66.23","64.19","66.37","63.80","3.18%"
"Mar 04, 2021","64.19","60.73","64.81","60.52","5.75%"
"Mar 03, 2021","60.70","59.38","61.96","59.33","2.21%"
"Mar 02, 2021","59.39","60.23","61.17","59.22","-1.39%"
"Mar 01, 2021","60.23","62.47","62.88","59.97","-3.55%"
"Feb 28, 2021","62.45","61.84","62.48","61.84","1.45%"
"Feb 26, 2021","61.56","63.41","63.42","61.31","-2.89%"
"Feb 25, 2021","63.39","63.51","63.75","62.62","-0.20%"
"Feb 24, 2021","63.52","61.20","63.62","60.94","3.79%"
"Feb 23, 2021","61.20","61.59","62.95","60.63","-0.58%"
"Feb 22, 2021","61.56","59.61","62.16","59.38","3.31%"
"Feb 21, 2021","59.59","58.88","59.66","58.81","0.97%"
"Feb 19, 2021","59.02","59.71","60.28","58.59","-1.14%"
"Feb 18, 2021","59.70","61.77","62.24","59.63","-3.35%"
"Feb 17, 2021","61.77","59.98","61.77","59.42","3.00%"
"Feb 16, 2021","59.97","60.09","60.30","59.33","-0.18%"
"Feb 15, 2021","60.08","60.33","60.92","59.95","-0.43%"
"Feb 14, 2021","60.34","59.99","60.73","59.99","1.11%"
"Feb 12, 2021","59.68","57.91","59.79","57.38","3.00%"
"Feb 11, 2021","57.94","58.30","58.66","57.82","-0.62%"
"Feb 10, 2021","58.30","58.36","58.87","58.05","-0.12%"
"Feb 09, 2021","58.37","58.02","58.59","57.24","0.60%"
"Feb 08, 2021","58.02","57.35","58.10","57.28","1.15%"
"Feb 07, 2021","57.36","57.03","57.36","56.98","0.56%"
"Feb 05, 2021","57.04","56.48","57.23","56.45","0.97%"
"Feb 04, 2021","56.49","55.84","56.55","55.26","1.13%"
"Feb 03, 2021","55.86","54.92","56.25","54.77","1.73%"
"Feb 02, 2021","54.91","53.53","55.20","53.42","2.54%"
"Feb 01, 2021","53.55","51.91","53.67","51.84","3.14%"
"Jan 31, 2021","51.92","52.03","52.09","51.61","-0.35%"
"Jan 29, 2021","52.10","52.19","53.20","51.89","-0.13%"
"Jan 28, 2021","52.17","52.37","53.49","52.03","-0.36%"
"Jan 27, 2021","52.36","52.73","53.23","51.80","-0.68%"
"Jan 26, 2021","52.72","52.78","53.17","52.24","-0.15%"
"Jan 25, 2021","52.80","52.22","52.88","51.77","1.09%"
"Jan 24, 2021","52.23","52.02","52.28","52.01","0.60%"
"Jan 22, 2021","51.92","52.95","52.98","51.38","-1.95%"
"Jan 21, 2021","52.95","52.88","53.33","52.69","0.11%"
"Jan 20, 2021","52.89","53.12","53.74","52.76","-0.43%"
"Jan 19, 2021","53.12","52.30","53.14","52.16","1.57%"
"Jan 18, 2021","52.30","52.14","52.52","51.74","0.35%"
"Jan 17, 2021","52.12","51.98","52.30","51.98","0.21%"
"Jan 15, 2021","52.01","53.74","53.77","51.80","-3.20%"
"Jan 14, 2021","53.73","52.67","53.77","52.20","1.97%"
"Jan 13, 2021","52.69","53.31","53.86","52.52","-1.14%"
"Jan 12, 2021","53.30","52.05","53.34","52.01","2.44%"
"Jan 11, 2021","52.03","52.23","52.31","51.44","-0.36%"
"Jan 10, 2021","52.22","52.52","52.62","52.14","-0.72%"
"Jan 08, 2021","52.60","50.84","52.63","50.73","3.46%"
"Jan 07, 2021","50.84","50.37","51.16","50.28","0.91%"
"Jan 06, 2021","50.38","49.66","50.81","49.38","1.45%"
"Jan 05, 2021","49.66","47.27","50.06","47.22","5.03%"
"Jan 04, 2021","47.28","48.31","49.70","47.06","-2.11%"
"Jan 03, 2021","48.30","48.12","48.38","47.99","0.06%"
"Dec 31, 2020","48.27","48.23","48.39","47.62","0.10%"
"Dec 30, 2020","48.22","47.93","48.49","47.46","0.58%"
"Dec 29, 2020","47.94","47.87","48.41","47.62","0.15%"
"Dec 28, 2020","47.87","47.92","49.00","47.61","-0.13%"
"Dec 27, 2020","47.93","48.25","48.25","47.58","-0.72%"
"Dec 24, 2020","48.28","48.08","48.64","47.61","0.40%"
"Dec 23, 2020","48.09","46.89","48.53","46.20","2.56%"
"Dec 22, 2020","46.89","47.80","47.91","46.58","-1.97%"
"Dec 21, 2020","47.83","48.59","48.61","46.28","-1.58%"
"Dec 20, 2020","48.60","49.32","49.32","48.51","-1.34%"
"Dec 18, 2020","49.26","48.54","49.44","48.29","1.46%"
"Dec 17, 2020","48.55","48.02","48.80","48.02","1.10%"
"Dec 16, 2020","48.02","47.72","48.11","47.35","0.65%"
"Dec 15, 2020","47.71","47.12","47.88","46.72","1.25%"
"Dec 14, 2020","47.12","46.81","47.56","45.89","0.64%"
"Dec 13, 2020","46.82","46.81","46.97","46.73","0.26%"
"Dec 11, 2020","46.70","47.23","47.44","46.51","-1.12%"
"Dec 10, 2020","47.23","45.84","47.85","45.70","3.03%"
"Dec 09, 2020","45.84","45.67","46.38","45.11","0.39%"
"Dec 08, 2020","45.66","45.75","46.05","45.28","-0.20%"
"Dec 07, 2020","45.75","46.16","46.64","45.48","-0.91%"
"Dec 06, 2020","46.17","46.27","46.36","46.17","-0.04%"
"Dec 04, 2020","46.19","45.80","46.76","45.77","0.87%"
"Dec 03, 2020","45.79","44.98","45.92","44.78","1.76%"
"Dec 02, 2020","45.00","44.25","45.99","44.02","1.69%"
"Dec 01, 2020","44.25","45.28","45.77","44.12","-2.30%"
"Nov 30, 2020","45.29","45.25","45.88","44.52","0.11%"
"Nov 29, 2020","45.24","45.30","45.44","44.88","-1.09%"
"Nov 27, 2020","45.74","45.06","45.74","44.66","1.53%"
"Nov 26, 2020","45.05","45.82","46.14","44.81","-1.77%"
"Nov 25, 2020","45.86","44.88","46.29","44.80","2.18%"
"Nov 24, 2020","44.88","43.20","45.25","43.08","3.84%"
"Nov 23, 2020","43.22","42.52","43.38","42.34","1.65%"
"Nov 22, 2020","42.52","42.47","42.61","42.41","0.09%"
"Nov 20, 2020","42.48","41.71","42.57","41.69","1.89%"
"Nov 19, 2020","41.69","41.77","42.16","41.31","-0.26%"
"Nov 18, 2020","41.80","41.52","42.68","41.33","0.67%"
"Nov 17, 2020","41.52","41.63","41.92","40.84","-0.24%"
"Nov 16, 2020","41.62","40.74","42.33","40.64","2.19%"
"Nov 15, 2020","40.73","40.48","40.77","40.41","0.87%"
"Nov 13, 2020","40.38","41.02","41.08","40.33","-1.51%"
"Nov 12, 2020","41.00","41.79","42.41","40.88","-1.87%"
"Nov 11, 2020","41.78","41.87","43.28","41.56","-0.24%"
"Nov 10, 2020","41.88","39.92","42.48","39.68","4.88%"
"Nov 09, 2020","39.93","38.06","41.55","37.97","4.94%"
"Nov 08, 2020","38.05","37.67","38.17","37.45","0.93%"
"Nov 06, 2020","37.70","38.66","38.73","37.30","-2.48%"
"Nov 05, 2020","38.66","39.17","39.56","38.50","-1.45%"
"Nov 04, 2020","39.23","38.62","39.45","37.47","1.58%"
"Nov 03, 2020","38.62","37.27","38.90","36.77","3.62%"
"Nov 02, 2020","37.27","34.20","37.52","34.09","9.01%"
"Nov 01, 2020","34.19","35.30","35.30","33.87","-4.82%"
"Oct 30, 2020","35.92","36.34","36.76","35.38","-1.16%"
"Oct 29, 2020","36.34","37.78","37.87","35.09","-4.07%"
"Oct 28, 2020","37.88","39.00","39.11","37.13","-2.85%"
"Oct 27, 2020","38.99","38.73","39.94","38.63","0.62%"
"Oct 26, 2020","38.75","39.30","39.45","38.39","-1.42%"
"Oct 25, 2020","39.31","39.59","39.60","39.02","-1.23%"
"Oct 23, 2020","39.80","40.63","40.98","39.66","-2.14%"
"Oct 22, 2020","40.67","39.96","41.08","39.78","1.80%"
"Oct 21, 2020","39.95","41.45","41.63","39.84","-3.67%"
"Oct 20, 2020","41.47","40.92","41.92","40.53","1.27%"
"Oct 19, 2020","40.95","41.23","41.47","40.80","-0.68%"
"Oct 18, 2020","41.23","41.03","41.36","40.95","0.54%"
"Oct 16, 2020","41.01","41.13","41.31","40.38","-0.44%"
"Oct 15, 2020","41.19","41.45","41.51","39.52","-0.70%"
"Oct 14, 2020","41.48","40.45","41.56","40.12","2.65%"
"Oct 13, 2020","40.41","39.91","40.77","39.63","1.38%"
"Oct 12, 2020","39.86","40.48","40.65","39.34","-1.53%"
"Oct 11, 2020","40.48","40.65","40.72","40.42","-0.78%"
"Oct 09, 2020","40.80","41.45","41.62","40.63","-1.57%"
"Oct 08, 2020","41.45","40.25","41.69","39.98","2.93%"
"Oct 07, 2020","40.27","39.97","40.52","39.48","0.65%"
"Oct 06, 2020","40.01","39.42","41.02","39.28","1.57%"
"Oct 05, 2020","39.39","37.49","39.86","37.45","5.10%"
"Oct 04, 2020","37.48","37.24","37.52","37.20","0.75%"
"Oct 02, 2020","37.20","38.63","38.75","36.80","-3.78%"
"Oct 01, 2020","38.66","40.16","40.59","37.79","-3.76%"
"Sep 30, 2020","40.17","39.27","40.48","38.80","2.29%"
"Sep 29, 2020","39.27","40.70","40.80","38.54","-3.51%"
"Sep 28, 2020","40.70","40.20","40.88","39.88","1.24%"
"Sep 27, 2020","40.20","40.10","40.35","40.10","0.10%"
"Sep 25, 2020","40.16","40.34","40.71","39.81","-0.59%"
"Sep 24, 2020","40.40","39.48","40.44","39.38","2.51%"
"Sep 23, 2020","39.41","39.77","40.77","39.22","-0.91%"
"Sep 22, 2020","39.77","39.97","40.30","39.25","-0.53%"
"Sep 21, 2020","39.98","41.08","41.52","38.92","-2.65%"
"Sep 20, 2020","41.07","41.17","41.20","40.81","-0.29%"
"Sep 18, 2020","41.19","41.14","41.73","40.55","0.12%"
"Sep 17, 2020","41.14","27.45","41.48","27.04","49.71%"
"Sep 16, 2020","27.48","26.18","27.52","26.12","4.85%"
"Sep 15, 2020","26.21","25.31","26.25","25.20","3.52%"
"Sep 14, 2020","25.32","25.22","25.41","24.91","0.36%"
"Sep 13, 2020","25.23","25.16","25.30","24.96","1.41%"
"Sep 11, 2020","24.88","24.71","25.12","24.43","0.61%"
"Sep 10, 2020","24.73","24.89","25.20","24.49","-0.72%"
"Sep 09, 2020","24.91","24.09","25.27","23.91","3.49%"
"Sep 08, 2020","24.07","25.54","25.62","23.77","-5.68%"
"Sep 07, 2020","25.52","25.09","25.63","25.09","1.79%"
"Sep 06, 2020","25.07","25.52","25.52","24.96","-0.59%"
"Sep 04, 2020","25.22","25.96","26.55","25.13","-2.81%"
"Sep 03, 2020","25.95","26.25","26.30","25.45","-1.29%"
"Sep 02, 2020","26.29","26.86","27.00","25.93","-2.16%"
"Sep 01, 2020","26.87","26.56","26.96","26.50","1.13%"
"Aug 31, 2020","26.57","26.54","26.91","26.32","0.19%"
"Aug 30, 2020","26.52","26.46","26.54","26.45","1.45%"
"Aug 28, 2020","26.14","25.93","26.30","25.87","0.73%"
"Aug 27, 2020","25.95","26.09","26.18","25.59","-0.61%"
"Aug 26, 2020","26.11","25.94","26.20","25.77","0.77%"
"Aug 25, 2020","25.91","25.29","25.95","25.25","2.53%"
"Aug 24, 2020","25.27","25.02","25.36","24.95","1.00%"
"Aug 23, 2020","25.02","25.02","25.16","24.95","1.62%"
"Aug 21, 2020","24.62","24.81","24.89","24.13","-0.89%"
"Aug 20, 2020","24.84","24.66","24.84","24.11","0.61%"
"Aug 19, 2020","24.69","24.59","24.82","24.48","0.41%"
"Aug 18, 2020","24.59","24.48","24.70","24.27","0.37%"
"Aug 17, 2020","24.50","24.12","24.57","23.95","1.58%"
"Aug 16, 2020","24.12","24.05","24.17","24.00","1.52%"
"Aug 14, 2020","23.76","23.73","23.78","23.45","0.04%"
"Aug 13, 2020","23.75","23.61","23.82","23.50","0.55%"
"Aug 12, 2020","23.62","22.98","23.75","22.96","2.79%"
"Aug 11, 2020","22.98","23.02","23.56","22.90","-0.26%"
"Aug 10, 2020","23.04","22.72","23.13","22.70","1.36%"
"Aug 09, 2020","22.73","22.61","22.75","22.52","1.38%"
"Aug 07, 2020","22.42","22.54","22.64","22.16","-0.58%"
"Aug 06, 2020","22.55","22.44","22.75","22.25","0.45%"
"Aug 05, 2020","22.45","21.88","22.93","21.84","2.61%"
"Aug 04, 2020","21.88","21.43","22.13","21.25","2.20%"
"Aug 03, 2020","21.41","21.04","21.67","20.82","1.71%"
"Aug 02, 2020","21.05","21.13","21.13","20.95","0.72%"
"Jul 31, 2020","20.90","20.75","20.91","20.51","0.82%"
"Jul 30, 2020","20.73","21.02","21.05","19.91","-1.29%"
"Jul 29, 2020","21.00","20.77","21.06","20.70","1.11%"
"Jul 28, 2020","20.77","20.84","20.98","20.57","-0.48%"
"Jul 27, 2020","20.87","20.44","20.88","20.23","2.15%"
"Jul 26, 2020","20.43","20.50","20.55","20.34","0.79%"
"Jul 24, 2020","20.27","19.99","20.31","19.87","1.35%"
"Jul 23, 2020","20.00","20.16","20.52","19.86","-0.65%"
"Jul 22, 2020","20.13","19.95","20.27","19.84","0.85%"
"Jul 21, 2020","19.96","19.55","20.34","19.54","2.15%"
"Jul 20, 2020","19.54","19.41","19.59","19.13","0.67%"
"Jul 19, 2020","19.41","19.39","19.42","19.31","1.41%"
"Jul 17, 2020","19.14","19.12","19.21","18.88","0.26%"
"Jul 16, 2020","19.09","19.09","19.21","18.96","0.10%"
"Jul 15, 2020","19.07","18.80","19.16","18.68","1.60%"
"Jul 14, 2020","18.77","18.25","18.94","18.09","2.74%"
"Jul 13, 2020","18.27","18.41","18.70","18.23","-0.76%"
"Jul 12, 2020","18.41","18.50","18.56","18.34","0.22%"
"Jul 10, 2020","18.37","17.88","18.38","17.50","2.74%"
"Jul 09, 2020","17.88","18.16","18.28","17.66","-1.70%"
"Jul 08, 2020","18.19","17.85","18.23","17.82","1.85%"
"Jul 07, 2020","17.86","17.88","18.05","17.62","-0.17%"
"Jul 06, 2020","17.89","17.69","18.00","17.62","1.19%"
"Jul 05, 2020","17.68","17.63","17.73","17.61","1.73%"
"Jul 03, 2020","17.38","17.24","17.39","17.16","0.75%"
"Jul 02, 2020","17.25","16.88","17.43","16.86","2.31%"
"Jul 01, 2020","16.86","16.73","17.13","16.55","0.78%"
"Jun 30, 2020","16.73","16.66","16.89","16.45","0.54%"
"Jun 29, 2020","16.64","15.96","16.75","15.86","4.26%"
"Jun 28, 2020","15.96","15.98","16.00","15.89","0.57%"
"Jun 26, 2020","15.87","16.07","16.25","15.70","-1.37%"
"Jun 25, 2020","16.09","15.63","16.18","15.38","3.01%"
"Jun 24, 2020","15.62","16.29","16.48","15.34","-4.05%"
"Jun 23, 2020","16.28","16.45","16.80","16.05","-1.09%"
"Jun 22, 2020","16.46","15.89","16.57","15.84","3.46%"
"Jun 21, 2020","15.91","15.59","15.96","15.59","1.92%"
"Jun 19, 2020","15.61","15.52","15.95","15.25","0.45%"
"Jun 18, 2020","15.54","14.89","15.61","14.79","4.09%"
"Jun 17, 2020","14.93","14.96","15.32","14.79","-0.20%"
"Jun 16, 2020","14.96","14.66","15.41","14.41","1.77%"
"Jun 15, 2020","14.70","13.96","14.79","13.62","5.30%"
"Jun 14, 2020","13.96","14.14","14.14","13.90","-1.13%"
"Jun 12, 2020","14.12","13.73","14.23","13.32","2.99%"
"Jun 11, 2020","13.71","14.62","14.68","13.66","-6.22%"
"Jun 10, 2020","14.62","14.43","15.04","14.32","1.18%"
"Jun 09, 2020","14.45","14.46","14.71","14.04","-0.07%"
"Jun 08, 2020","14.46","14.98","14.98","14.25","-3.47%"
"Jun 07, 2020","14.98","14.68","14.99","14.64","4.54%"
"Jun 05, 2020","14.33","13.79","14.55","13.73","4.07%"
"Jun 04, 2020","13.77","13.59","13.86","13.41","1.32%"
"Jun 03, 2020","13.59","13.48","13.78","13.23","0.82%"
"Jun 02, 2020","13.48","12.91","13.54","12.88","4.25%"
"Jun 01, 2020","12.93","12.77","13.02","12.55","1.25%"
"May 31, 2020","12.77","12.64","12.97","12.63","0.79%"
"May 29, 2020","12.67","12.07","12.77","11.82","4.97%"
"May 28, 2020","12.07","11.59","12.27","11.48","4.14%"
"May 27, 2020","11.59","12.18","12.23","11.41","-4.84%"
"May 26, 2020","12.18","12.04","12.32","11.89","1.33%"
"May 25, 2020","12.02","11.68","12.07","11.59","3.09%"
"May 24, 2020","11.66","11.79","11.80","11.54","0.26%"
"May 22, 2020","11.63","11.75","11.77","10.88","-1.02%"
"May 21, 2020","11.75","11.50","11.80","11.46","2.17%"
"May 20, 2020","11.50","10.99","11.57","10.98","4.55%"
"May 19, 2020","11.00","11.20","11.23","10.88","-1.87%"
"May 18, 2020","11.21","10.48","11.23","10.45","7.17%"
"May 17, 2020","10.46","10.29","10.48","10.25","2.85%"
"May 15, 2020","10.17","9.80","10.20","9.68","3.88%"
"May 14, 2020","9.79","9.41","9.88","9.29","4.04%"
"May 13, 2020","9.41","9.35","9.64","9.29","0.32%"
"May 12, 2020","9.38","9.48","9.63","9.32","-0.85%"
"May 11, 2020","9.46","9.70","9.88","9.39","-2.57%"
"May 10, 2020","9.71","9.71","9.75","9.63","1.04%"
"May 08, 2020","9.61","9.12","9.68","9.09","5.37%"
"May 07, 2020","9.12","9.18","9.63","8.95","0.11%"
"May 06, 2020","9.11","9.66","9.66","8.96","-5.89%"
"May 05, 2020","9.68","8.75","9.75","8.66","10.88%"
"May 04, 2020","8.73","8.27","8.82","8.12","5.56%"
"May 03, 2020","8.27","8.32","8.34","8.21","-0.48%"
"May 01, 2020","8.31","8.61","8.79","8.16","-3.60%"
"Apr 30, 2020","8.62","8.15","8.75","7.96","5.64%"
"Apr 29, 2020","8.16","7.77","8.16","7.77","4.75%"
"Apr 28, 2020","7.79","7.78","8.13","7.64","0.00%"
"Apr 27, 2020","7.79","8.07","8.07","7.64","-3.47%"
"Apr 26, 2020","8.07","8.02","8.09","8.00","1.00%"
"Apr 24, 2020","7.99","8.16","8.32","7.79","-2.68%"
"Apr 23, 2020","8.21","8.04","8.54","7.88","1.99%"
"Apr 22, 2020","8.05","7.97","8.23","6.93","0.88%"
"Apr 21, 2020","7.98","11.99","12.71","6.79","-33.28%"
"Apr 20, 2020","11.96","17.05","17.21","11.34","-29.85%"
"Apr 19, 2020","17.05","17.73","17.81","16.91","-6.11%"
"Apr 17, 2020","18.16","19.89","20.04","17.27","-8.65%"
"Apr 16, 2020","19.88","20.29","20.45","19.38","-1.83%"
"Apr 15, 2020","20.25","20.77","20.80","19.14","-2.60%"
"Apr 14, 2020","20.79","22.75","22.82","19.88","-8.82%"
"Apr 13, 2020","22.80","23.13","24.44","22.21","-1.38%"
"Apr 12, 2020","23.12","24.46","24.46","21.95","0.30%"
"Apr 09, 2020","23.05","26.25","28.12","22.45","-12.12%"
"Apr 08, 2020","26.23","24.45","26.38","23.57","7.28%"
"Apr 07, 2020","24.45","26.73","27.02","23.37","-8.60%"
"Apr 06, 2020","26.75","26.14","27.98","25.62","2.37%"
"Apr 05, 2020","26.13","25.88","26.30","25.20","-8.32%"
"Apr 03, 2020","28.50","24.42","28.83","23.27","16.52%"
"Apr 02, 2020","24.46","21.01","26.94","20.54","16.37%"
"Apr 01, 2020","21.02","20.06","21.30","19.71","4.84%"
"Mar 31, 2020","20.05","20.27","21.59","19.78","-1.09%"
"Mar 30, 2020","20.27","20.07","20.59","19.04","1.10%"
"Mar 29, 2020","20.05","20.63","20.63","19.69","-6.87%"
"Mar 27, 2020","21.53","22.77","23.04","20.61","-5.45%"
"Mar 26, 2020","22.77","23.84","24.27","22.05","-4.69%"
"Mar 25, 2020","23.89","24.25","24.82","22.59","-1.48%"
"Mar 24, 2020","24.25","23.98","24.75","22.73","0.83%"
"Mar 23, 2020","24.05","21.20","24.20","21.20","13.28%"
"Mar 22, 2020","21.23","21.09","21.34","20.50","-8.49%"
"Mar 20, 2020","23.20","25.98","27.97","22.02","-10.77%"
"Mar 19, 2020","26.00","23.38","27.61","21.34","10.31%"
"Mar 18, 2020","23.57","26.50","27.16","20.05","-10.99%"
"Mar 17, 2020","26.48","29.11","30.28","26.21","-9.10%"
"Mar 16, 2020","29.13","30.45","31.52","28.12","-4.33%"
"Mar 15, 2020","30.45","30.21","30.61","29.75","-7.67%"
"Mar 13, 2020","32.98","30.96","33.84","30.61","6.32%"
"Mar 12, 2020","31.02","33.12","33.51","29.99","-6.26%"
"Mar 11, 2020","33.09","34.08","36.23","32.53","-2.71%"
"Mar 10, 2020","34.01","32.57","34.95","31.75","5.03%"
"Mar 09, 2020","32.38","32.47","34.77","27.30","-0.22%"
"Mar 08, 2020","32.45","32.50","33.51","32.30","-21.86%"
"Mar 06, 2020","41.53","46.14","46.27","40.98","-9.95%"
"Mar 05, 2020","46.12","47.23","47.45","45.55","-2.35%"
"Mar 04, 2020","47.23","46.91","48.30","46.55","0.68%"
"Mar 03, 2020","46.91","47.80","48.52","46.38","-1.86%"
"Mar 02, 2020","47.80","44.47","47.81","44.31","7.54%"
"Mar 01, 2020","44.45","43.37","44.58","43.37","-1.51%"
"Feb 28, 2020","45.13","46.70","46.79","43.73","-3.28%"
"Feb 27, 2020","46.66","48.24","48.38","45.76","-3.32%"
"Feb 26, 2020","48.26","50.02","50.27","48.09","-3.50%"
"Feb 25, 2020","50.01","51.27","51.83","49.55","-2.46%"
"Feb 24, 2020","51.27","51.88","52.09","50.27","-1.16%"
"Feb 23, 2020","51.87","52.37","52.42","51.48","-2.54%"
"Feb 21, 2020","53.22","53.28","53.62","52.34","-0.08%"
"Feb 20, 2020","53.26","53.52","54.39","53.17","-0.50%"
"Feb 19, 2020","53.53","52.17","53.55","51.94","2.63%"
"Feb 18, 2020","52.16","51.97","52.19","50.91","0.40%"
"Feb 17, 2020","51.95","52.09","52.21","51.80","-0.31%"
"Feb 16, 2020","52.11","52.22","52.34","52.09","-0.17%"
"Feb 14, 2020","52.20","51.41","52.30","51.31","1.58%"
"Feb 13, 2020","51.39","51.47","51.89","50.59","-0.12%"
"Feb 12, 2020","51.45","50.12","51.95","50.08","2.65%"
"Feb 11, 2020","50.12","49.80","50.67","49.70","0.68%"
"Feb 10, 2020","49.78","49.74","50.44","49.44","0.08%"
"Feb 09, 2020","49.74","49.97","50.14","49.55","-1.19%"
"Feb 07, 2020","50.34","51.41","51.41","50.08","-2.08%"
"Feb 06, 2020","51.41","51.17","52.14","50.23","0.41%"
"Feb 05, 2020","51.20","49.61","51.84","49.59","3.27%"
"Feb 04, 2020","49.58","49.91","51.52","49.32","-0.60%"
"Feb 03, 2020","49.88","51.02","51.94","49.64","-2.23%"
"Feb 02, 2020","51.02","50.77","51.23","50.77","-1.07%"
"Jan 31, 2020","51.57","52.84","53.31","50.95","-2.40%"
"Jan 30, 2020","52.84","53.09","53.16","51.64","-0.47%"
"Jan 29, 2020","53.09","53.73","54.33","52.80","-1.21%"
"Jan 28, 2020","53.74","52.92","54.02","52.64","1.57%"
"Jan 27, 2020","52.91","52.59","53.47","52.12","0.67%"
"Jan 26, 2020","52.56","53.37","53.55","52.16","-2.90%"
"Jan 24, 2020","54.13","55.62","55.91","53.84","-2.68%"
"Jan 23, 2020","55.62","56.08","56.12","54.73","-0.84%"
"Jan 22, 2020","56.09","58.24","58.33","56.03","-3.72%"
"Jan 21, 2020","58.26","58.66","58.80","57.66","-0.70%"
"Jan 20, 2020","58.67","59.23","59.27","58.52","-0.93%"
"Jan 19, 2020","59.22","59.33","59.62","59.19","0.77%"
"Jan 17, 2020","58.77","58.62","58.98","58.28","0.27%"
"Jan 16, 2020","58.61","58.13","58.87","57.58","0.84%"
"Jan 15, 2020","58.12","58.09","58.37","57.39","0.05%"
"Jan 14, 2020","58.09","58.13","58.72","57.77","-0.05%"
"Jan 13, 2020","58.12","58.92","59.28","57.95","-1.39%"
"Jan 12, 2020","58.94","59.12","59.12","58.73","-0.39%"
"Jan 10, 2020","59.17","59.53","59.80","58.88","-0.64%"
"Jan 09, 2020","59.55","59.98","60.31","58.70","-0.70%"
"Jan 08, 2020","59.97","64.92","65.67","59.17","-7.62%"
"Jan 07, 2020","64.92","62.98","65.48","62.16","3.06%"
"Jan 06, 2020","62.99","63.86","64.75","62.69","-1.41%"
"Jan 05, 2020","63.89","63.84","64.30","63.64","1.25%"
"Jan 03, 2020","63.10","61.20","64.11","61.16","3.12%"
"Jan 02, 2020","61.19","61.42","61.48","60.73","-0.05%"
"Dec 31, 2019","61.22","61.67","61.92","60.67","-0.76%"
"Dec 30, 2019","61.69","61.77","62.38","61.16","-0.13%"
"Dec 29, 2019","61.77","61.73","61.78","61.70","0.05%"
"Dec 27, 2019","61.74","61.74","62.02","61.28","0.02%"
"Dec 26, 2019","61.73","61.31","61.87","61.13","0.93%"
"Dec 24, 2019","61.16","60.63","61.17","60.53","0.86%"
"Dec 23, 2019","60.64","60.49","60.83","60.16","0.21%"
"Dec 22, 2019","60.51","60.44","60.52","60.39","0.12%"
"Dec 20, 2019","60.44","61.13","61.26","60.11","-1.14%"
"Dec 19, 2019","61.14","60.88","61.47","60.77","0.43%"
"Dec 18, 2019","60.88","60.58","61.16","60.31","0.55%"
"Dec 17, 2019","60.55","60.12","61.03","60.02","0.72%"
"Dec 16, 2019","60.12","59.77","60.33","59.74","0.60%"
"Dec 15, 2019","59.76","59.87","59.88","59.76","-0.03%"
"Dec 13, 2019","59.78","59.58","60.41","59.27","0.37%"
"Dec 12, 2019","59.56","58.90","59.70","58.74","1.10%"
"Dec 11, 2019","58.91","59.05","59.17","58.09","-0.25%"
"Dec 10, 2019","59.06","58.86","59.48","58.52","0.37%"
"Dec 09, 2019","58.84","58.93","59.22","58.23","-0.17%"
"Dec 08, 2019","58.94","59.13","59.15","58.94","-0.29%"
"Dec 06, 2019","59.11","58.33","59.80","57.66","1.37%"
"Dec 05, 2019","58.31","58.38","59.05","58.06","-0.12%"
"Dec 04, 2019","58.38","56.38","58.59","56.23","3.57%"
"Dec 03, 2019","56.37","56.01","56.72","55.31","0.68%"
"Dec 02, 2019","55.99","55.77","56.62","55.59","0.41%"
"Dec 01, 2019","55.76","55.45","55.77","55.42","0.72%"
"Nov 29, 2019","55.36","58.02","58.11","54.97","-4.57%"
"Nov 28, 2019","58.01","57.89","58.22","57.58","0.17%"
"Nov 27, 2019","57.91","58.19","58.61","57.45","-0.50%"
"Nov 26, 2019","58.20","57.86","58.47","57.70","0.57%"
"Nov 25, 2019","57.87","57.91","58.05","57.14","-0.09%"
"Nov 24, 2019","57.92","57.88","57.97","57.76","0.14%"
"Nov 22, 2019","57.84","58.24","58.64","57.41","-0.72%"
"Nov 21, 2019","58.26","56.88","58.58","56.52","2.43%"
"Nov 20, 2019","56.88","55.27","57.27","54.78","2.93%"
"Nov 19, 2019","55.26","56.91","57.09","55.08","-2.90%"
"Nov 18, 2019","56.91","57.74","58.05","56.55","-1.42%"
"Nov 17, 2019","57.73","57.83","57.86","57.64","-0.22%"
"Nov 15, 2019","57.86","56.97","57.92","56.41","1.60%"
"Nov 14, 2019","56.95","57.37","57.74","56.60","-0.75%"
"Nov 13, 2019","57.38","56.62","57.48","56.16","1.34%"
"Nov 12, 2019","56.62","56.59","57.48","56.52","0.05%"
"Nov 11, 2019","56.59","57.05","57.27","56.20","-0.82%"
"Nov 10, 2019","57.06","57.30","57.30","56.98","-0.52%"
"Nov 08, 2019","57.36","56.88","57.39","55.70","0.84%"
"Nov 07, 2019","56.88","56.26","57.77","56.20","1.14%"
"Nov 06, 2019","56.24","56.99","57.72","56.05","-1.35%"
"Nov 05, 2019","57.01","56.48","57.41","56.22","0.94%"
"Nov 04, 2019","56.48","56.09","57.33","55.74","0.66%"
"Nov 03, 2019","56.11","56.23","56.27","56.11","0.11%"
"Nov 01, 2019","56.05","53.98","56.05","53.98","3.85%"
"Oct 31, 2019","53.97","54.78","55.47","53.62","-1.44%"
"Oct 30, 2019","54.76","55.38","55.61","54.31","-1.08%"
"Oct 29, 2019","55.36","55.69","55.77","54.48","-0.61%"
"Oct 28, 2019","55.70","56.55","56.78","55.47","-1.52%"
"Oct 27, 2019","56.56","56.62","56.62","56.55","0.12%"
"Oct 25, 2019","56.49","55.97","56.59","55.47","0.97%"
"Oct 24, 2019","55.95","55.59","56.34","55.26","0.65%"
"Oct 23, 2019","55.59","54.06","55.91","53.47","2.85%"
"Oct 22, 2019","54.05","53.38","54.62","53.08","1.24%"
"Oct 21, 2019","53.39","53.58","54.02","52.73","-0.32%"
"Oct 20, 2019","53.56","53.69","53.73","53.48","-0.32%"
"Oct 18, 2019","53.73","53.95","54.62","53.36","-0.41%"
"Oct 17, 2019","53.95","52.80","54.14","52.66","2.16%"
"Oct 16, 2019","52.81","52.98","53.73","52.55","-0.34%"
"Oct 15, 2019","52.99","53.55","53.80","52.41","-1.05%"
"Oct 14, 2019","53.55","54.81","54.81","52.81","-2.28%"
"Oct 13, 2019","54.80","54.88","54.88","54.70","-0.16%"
"Oct 11, 2019","54.89","53.91","54.92","53.66","1.80%"
"Oct 10, 2019","53.92","52.23","54.12","52.13","3.30%"
"Oct 09, 2019","52.20","52.38","53.73","51.42","-0.40%"
"Oct 08, 2019","52.41","52.98","53.27","51.84","-1.02%"
"Oct 07, 2019","52.95","52.66","54.06","52.61","0.59%"
"Oct 06, 2019","52.64","52.77","52.81","52.62","-0.68%"
"Oct 04, 2019","53.00","52.37","53.34","52.06","1.18%"
"Oct 03, 2019","52.38","52.45","52.92","51.02","-0.27%"
"Oct 02, 2019","52.52","54.09","54.41","52.20","-2.83%"
"Oct 01, 2019","54.05","54.24","54.86","53.08","-0.39%"
"Sep 30, 2019","54.26","56.06","56.16","54.02","-3.25%"
"Sep 29, 2019","56.08","56.39","56.41","56.02","-0.16%"
"Sep 27, 2019","56.17","56.24","56.77","54.77","-0.23%"
"Sep 26, 2019","56.30","56.77","56.86","55.45","-0.78%"
"Sep 25, 2019","56.74","56.84","57.04","55.66","-0.16%"
"Sep 24, 2019","56.83","58.35","58.51","56.71","-2.66%"
"Sep 23, 2019","58.38","58.73","58.89","57.44","-0.58%"
"Sep 22, 2019","58.72","59.27","59.27","58.69","0.53%"
"Sep 20, 2019","58.41","58.83","59.27","57.97","-0.78%"
"Sep 19, 2019","58.87","58.09","59.52","58.09","1.31%"
"Sep 18, 2019","58.11","58.95","59.43","57.69","-1.36%"
"Sep 17, 2019","58.91","61.94","62.59","58.48","-4.80%"
"Sep 16, 2019","61.88","61.36","63.37","58.81","0.88%"
"Sep 15, 2019","61.34","61.98","63.14","60.12","11.85%"
"Sep 13, 2019","54.84","55.16","55.67","54.45","-0.60%"
"Sep 12, 2019","55.17","56.20","56.36","54.02","-1.87%"
"Sep 11, 2019","56.22","57.97","58.29","55.62","-3.02%"
"Sep 10, 2019","57.97","58.20","58.76","57.22","-0.38%"
"Sep 09, 2019","58.19","56.88","58.25","56.62","2.30%"
"Sep 08, 2019","56.88","56.72","57.12","56.72","0.39%"
"Sep 06, 2019","56.66","56.30","56.95","54.86","0.68%"
"Sep 05, 2019","56.28","56.05","57.73","55.77","0.41%"
"Sep 04, 2019","56.05","53.87","56.61","53.87","4.03%"
"Sep 03, 2019","53.88","54.70","55.05","52.91","-1.48%"
"Sep 02, 2019","54.69","54.84","55.24","54.38","-0.26%"
"Sep 01, 2019","54.83","54.98","55.02","54.58","-0.62%"
"Aug 30, 2019","55.17","56.59","56.74","54.61","-2.54%"
"Aug 29, 2019","56.61","55.88","56.91","55.47","1.31%"
"Aug 28, 2019","55.88","55.62","56.72","55.38","0.45%"
"Aug 27, 2019","55.63","53.80","55.74","53.73","3.36%"
"Aug 26, 2019","53.82","53.16","55.28","53.13","1.26%"
"Aug 25, 2019","53.15","53.30","53.44","53.01","-1.50%"
"Aug 23, 2019","53.96","55.53","55.63","53.30","-2.86%"
"Aug 22, 2019","55.55","56.02","56.49","54.91","-0.84%"
"Aug 21, 2019","56.02","56.24","57.16","55.61","-0.37%"
"Aug 20, 2019","56.23","56.00","56.63","55.22","0.39%"
"Aug 19, 2019","56.01","55.21","56.35","54.88","1.43%"
"Aug 18, 2019","55.22","54.98","55.27","54.84","0.62%"
"Aug 16, 2019","54.88","54.73","55.63","54.25","0.22%"
"Aug 15, 2019","54.76","54.94","55.28","53.74","-0.29%"
"Aug 14, 2019","54.92","56.77","56.80","53.95","-3.24%"
"Aug 13, 2019","56.76","54.83","57.41","54.21","3.58%"
"Aug 12, 2019","54.80","54.21","55.13","53.52","1.11%"
"Aug 11, 2019","54.20","54.27","54.39","54.16","-0.04%"
"Aug 09, 2019","54.22","52.73","54.84","52.33","2.75%"
"Aug 08, 2019","52.77","52.23","52.96","51.88","1.03%"
"Aug 07, 2019","52.23","53.33","53.69","50.48","-2.03%"
"Aug 06, 2019","53.31","53.99","55.34","53.12","-1.24%"
"Aug 05, 2019","53.98","55.26","55.52","53.72","-2.33%"
"Aug 04, 2019","55.27","55.24","55.28","55.03","0.27%"
"Aug 02, 2019","55.12","54.35","55.93","54.26","1.44%"
"Aug 01, 2019","54.34","57.49","57.88","53.52","-5.56%"
"Jul 31, 2019","57.54","58.16","58.70","57.34","-1.07%"
"Jul 30, 2019","58.16","57.00","58.33","56.88","2.02%"
"Jul 29, 2019","57.01","55.88","57.12","55.71","2.02%"
"Jul 28, 2019","55.88","56.12","56.20","55.86","-0.30%"
"Jul 26, 2019","56.05","55.97","56.42","55.56","0.18%"
"Jul 25, 2019","55.95","55.84","56.84","55.68","0.16%"
"Jul 24, 2019","55.86","56.92","57.48","55.22","-1.85%"
"Jul 23, 2019","56.91","55.97","57.25","55.61","1.72%"
"Jul 22, 2019","55.95","56.10","56.87","55.69","-0.25%"
"Jul 21, 2019","56.09","56.31","56.31","55.95","0.63%"
"Jul 19, 2019","55.74","55.69","56.33","54.98","0.14%"
"Jul 18, 2019","55.66","56.53","57.27","54.73","-1.54%"
"Jul 17, 2019","56.53","57.58","58.31","56.19","-1.79%"
"Jul 16, 2019","57.56","59.44","59.98","57.03","-3.11%"
"Jul 15, 2019","59.41","60.08","60.84","59.16","-1.08%"
"Jul 14, 2019","60.06","60.23","60.24","60.03","-0.36%"
"Jul 12, 2019","60.28","60.36","60.66","59.86","-0.10%"
"Jul 11, 2019","60.34","60.41","60.84","60.06","-0.07%"
"Jul 10, 2019","60.38","58.55","60.52","58.44","3.09%"
"Jul 09, 2019","58.57","57.34","58.59","57.22","2.15%"
"Jul 08, 2019","57.34","57.52","58.34","57.21","-0.36%"
"Jul 07, 2019","57.55","57.70","57.73","57.49","-0.10%"
"Jul 05, 2019","57.61","56.66","57.66","56.18","1.68%"
"Jul 04, 2019","56.66","57.26","57.42","56.34","-1.07%"
"Jul 03, 2019","57.27","56.42","57.30","55.92","1.54%"
"Jul 02, 2019","56.40","58.59","59.27","55.96","-3.72%"
"Jul 01, 2019","58.58","59.36","60.11","58.19","-1.35%"
"Jun 30, 2019","59.38","59.34","59.78","59.15","2.34%"
"Jun 28, 2019","58.02","59.20","59.60","57.59","-1.94%"
"Jun 27, 2019","59.17","58.70","59.52","58.42","0.68%"
"Jun 26, 2019","58.77","58.61","59.73","58.45","0.31%"
"Jun 25, 2019","58.59","57.61","58.63","57.02","1.72%"
"Jun 24, 2019","57.60","57.62","57.99","56.56","-0.02%"
"Jun 23, 2019","57.61","57.58","57.72","57.41","0.44%"
"Jun 21, 2019","57.36","57.23","57.73","56.42","0.31%"
"Jun 20, 2019","57.18","54.41","57.53","54.30","5.09%"
"Jun 19, 2019","54.41","54.22","54.49","53.28","0.39%"
"Jun 18, 2019","54.20","51.86","54.27","51.49","4.55%"
"Jun 17, 2019","51.84","52.67","52.72","51.61","-1.56%"
"Jun 16, 2019","52.66","52.44","52.70","52.30","0.36%"
"Jun 14, 2019","52.47","52.05","52.94","51.67","0.81%"
"Jun 13, 2019","52.05","51.17","53.41","50.89","1.66%"
"Jun 12, 2019","51.20","52.76","52.76","50.70","-2.98%"
"Jun 11, 2019","52.77","53.27","53.99","52.72","-0.96%"
"Jun 10, 2019","53.28","54.37","54.48","53.02","-2.02%"
"Jun 09, 2019","54.38","54.29","54.77","54.27","0.74%"
"Jun 07, 2019","53.98","53.16","54.24","52.56","1.47%"
"Jun 06, 2019","53.20","51.53","53.23","51.13","3.20%"
"Jun 05, 2019","51.55","52.98","53.33","50.56","-2.70%"
"Jun 04, 2019","52.98","53.03","53.69","52.37","-0.08%"
"Jun 03, 2019","53.02","52.73","54.53","52.55","0.53%"
"Jun 02, 2019","52.74","53.22","53.34","52.06","-0.96%"
"May 31, 2019","53.25","55.90","56.12","52.98","-4.55%"
"May 30, 2019","55.79","58.95","59.57","55.73","-5.36%"
"May 29, 2019","58.95","58.81","59.15","56.80","0.26%"
"May 28, 2019","58.80","59.05","59.44","58.52","-0.41%"
"May 27, 2019","59.04","58.64","59.11","58.02","0.65%"
"May 26, 2019","58.66","58.81","58.88","58.55","-0.37%"
"May 24, 2019","58.88","58.06","58.97","57.38","1.43%"
"May 23, 2019","58.05","61.21","61.26","57.20","-5.15%"
"May 22, 2019","61.20","62.62","62.67","60.89","-2.28%"
"May 21, 2019","62.63","63.26","63.62","62.52","-0.96%"
"May 20, 2019","63.24","63.40","63.80","62.45","-0.27%"
"May 19, 2019","63.41","62.96","63.57","62.96","1.07%"
"May 17, 2019","62.74","63.18","63.62","62.53","-0.66%"
"May 16, 2019","63.16","62.22","63.45","62.14","1.54%"
"May 15, 2019","62.20","61.27","62.31","60.84","1.52%"
"May 14, 2019","61.27","60.91","62.08","60.67","0.57%"
"May 13, 2019","60.92","61.29","63.30","60.62","-0.62%"
"May 12, 2019","61.30","61.61","61.78","61.23","-0.66%"
"May 10, 2019","61.71","61.83","62.44","61.39","-0.21%"
"May 09, 2019","61.84","61.91","62.16","60.88","-0.11%"
"May 08, 2019","61.91","61.52","62.31","61.03","0.65%"
"May 07, 2019","61.51","62.23","62.44","60.64","-1.20%"
"May 06, 2019","62.26","60.45","62.88","60.01","2.99%"
"May 05, 2019","60.45","61.34","61.34","60.32","-2.18%"
"May 03, 2019","61.80","61.63","62.45","61.24","0.29%"
"May 02, 2019","61.62","63.41","63.59","60.89","-2.82%"
"May 01, 2019","63.41","63.45","63.84","62.70","-0.11%"
"Apr 30, 2019","63.48","63.48","64.67","63.23","0.02%"
"Apr 29, 2019","63.47","62.76","63.61","62.39","1.10%"
"Apr 28, 2019","62.78","62.84","62.94","62.72","0.02%"
"Apr 26, 2019","62.77","64.86","64.97","62.20","-3.27%"
"Apr 25, 2019","64.89","65.65","66.19","64.83","-1.17%"
"Apr 24, 2019","65.66","65.92","66.33","65.57","-0.42%"
"Apr 23, 2019","65.94","65.69","66.50","65.48","0.41%"
"Apr 22, 2019","65.67","64.39","65.88","64.38","1.99%"
"Apr 21, 2019","64.39","63.98","64.42","63.98","0.67%"
"Apr 18, 2019","63.96","63.70","64.12","63.45","0.39%"
"Apr 17, 2019","63.71","64.33","64.56","63.65","-0.96%"
"Apr 16, 2019","64.33","63.47","64.41","62.98","1.37%"
"Apr 15, 2019","63.46","63.60","63.73","63.01","-0.24%"
"Apr 14, 2019","63.61","63.74","63.80","63.49","-0.19%"
"Apr 12, 2019","63.73","63.70","64.58","63.65","0.03%"
"Apr 11, 2019","63.71","64.28","64.37","63.24","-0.87%"
"Apr 10, 2019","64.27","64.08","64.61","63.98","0.28%"
"Apr 09, 2019","64.09","64.36","64.69","63.59","-0.40%"
"Apr 08, 2019","64.35","63.30","64.38","63.03","1.64%"
"Apr 07, 2019","63.31","63.23","63.38","63.22","0.24%"
"Apr 05, 2019","63.16","61.84","63.22","61.70","2.13%"
"Apr 04, 2019","61.84","62.27","62.63","61.77","-0.67%"
"Apr 03, 2019","62.26","62.34","62.83","61.95","-0.16%"
"Apr 02, 2019","62.36","61.59","62.59","61.45","1.27%"
"Apr 01, 2019","61.58","60.18","61.62","60.17","2.34%"
"Mar 31, 2019","60.17","59.97","60.23","59.97","0.32%"
"Mar 29, 2019","59.98","59.30","60.51","59.22","1.15%"
"Mar 28, 2019","59.30","59.11","59.38","58.01","0.30%"
"Mar 27, 2019","59.12","59.63","59.98","58.59","-0.84%"
"Mar 26, 2019","59.62","58.90","60.10","58.90","1.19%"
"Mar 25, 2019","58.92","58.55","59.09","57.94","0.61%"
"Mar 24, 2019","58.56","58.62","58.63","58.49","-0.22%"
"Mar 22, 2019","58.69","59.66","59.78","58.02","-1.59%"
"Mar 21, 2019","59.64","59.81","60.09","59.39","-0.27%"
"Mar 20, 2019","59.80","58.91","59.98","58.30","1.49%"
"Mar 19, 2019","58.92","59.03","59.53","58.61","-0.22%"
"Mar 18, 2019","59.05","58.41","59.20","58.02","1.10%"
"Mar 17, 2019","58.41","58.47","58.48","58.39","0.12%"
"Mar 15, 2019","58.34","58.47","58.87","57.69","-0.24%"
"Mar 14, 2019","58.48","58.24","58.64","57.91","0.43%"
"Mar 13, 2019","58.23","57.05","58.38","56.91","2.05%"
"Mar 12, 2019","57.06","56.84","57.42","56.66","0.33%"
"Mar 11, 2019","56.87","56.02","56.95","55.92","1.52%"
"Mar 10, 2019","56.02","56.05","56.14","56.02","0.29%"
"Mar 08, 2019","55.86","56.27","56.30","54.37","-0.75%"
"Mar 07, 2019","56.28","55.94","56.80","55.91","0.59%"
"Mar 06, 2019","55.95","55.95","56.20","55.28","-0.05%"
"Mar 05, 2019","55.98","56.21","56.97","55.88","-0.43%"
"Mar 04, 2019","56.22","55.77","56.77","55.59","0.79%"
"Mar 03, 2019","55.78","55.66","56.05","55.62","0.50%"
"Mar 01, 2019","55.50","56.92","57.56","55.32","-2.53%"
"Feb 28, 2019","56.94","56.69","57.13","56.16","0.42%"
"Feb 27, 2019","56.70","55.74","57.09","55.44","1.74%"
"Feb 26, 2019","55.73","55.16","55.77","54.73","1.05%"
"Feb 25, 2019","55.15","57.02","57.20","54.79","-3.28%"
"Feb 24, 2019","57.02","56.80","57.02","56.80","0.49%"
"Feb 22, 2019","56.74","56.48","57.44","56.45","0.44%"
"Feb 21, 2019","56.49","56.84","57.19","56.28","-0.60%"
"Feb 20, 2019","56.83","56.47","57.62","55.86","1.65%"
"Feb 19, 2019","55.91","55.87","56.23","55.28","0.09%"
"Feb 18, 2019","55.86","55.88","56.30","55.72","-0.09%"
"Feb 17, 2019","55.91","55.76","55.97","55.70","0.27%"
"Feb 15, 2019","55.76","54.52","55.76","54.20","2.27%"
"Feb 14, 2019","54.52","53.91","54.62","53.05","1.11%"
"Feb 13, 2019","53.92","53.41","54.52","53.22","0.95%"
"Feb 12, 2019","53.41","52.34","53.97","52.30","2.04%"
"Feb 11, 2019","52.34","52.41","52.56","51.17","-0.13%"
"Feb 10, 2019","52.41","52.59","52.68","52.41","-0.36%"
"Feb 08, 2019","52.60","52.37","52.88","51.98","0.42%"
"Feb 07, 2019","52.38","53.84","54.08","51.69","-2.69%"
"Feb 06, 2019","53.83","53.63","54.16","52.74","0.35%"
"Feb 05, 2019","53.64","54.59","55.05","53.36","-1.74%"
"Feb 04, 2019","54.59","55.08","55.58","53.16","-0.85%"
"Feb 03, 2019","55.06","55.13","55.27","54.98","-0.20%"
"Feb 01, 2019","55.17","53.70","55.43","53.20","2.72%"
"Jan 31, 2019","53.71","54.30","55.16","53.44","-1.05%"
"Jan 30, 2019","54.28","53.12","54.72","52.91","2.18%"
"Jan 29, 2019","53.12","51.85","53.70","51.65","2.43%"
"Jan 28, 2019","51.86","53.06","53.38","51.13","-2.24%"
"Jan 27, 2019","53.05","53.38","53.41","53.04","-0.47%"
"Jan 25, 2019","53.30","52.84","53.67","52.67","0.87%"
"Jan 24, 2019","52.84","52.22","53.20","51.86","1.23%"
"Jan 23, 2019","52.20","52.63","53.37","51.62","-0.80%"
"Jan 22, 2019","52.62","53.98","54.03","51.80","-2.47%"
"Jan 21, 2019","53.95","53.37","54.19","53.29","1.11%"
"Jan 20, 2019","53.36","53.67","53.77","53.28","-0.58%"
"Jan 18, 2019","53.67","52.16","53.83","52.16","2.88%"
"Jan 17, 2019","52.17","52.22","52.55","50.98","-0.11%"
"Jan 16, 2019","52.23","51.86","52.49","51.26","0.69%"
"Jan 15, 2019","51.87","50.66","52.27","50.64","2.43%"
"Jan 14, 2019","50.64","51.77","51.89","50.38","-2.20%"
"Jan 13, 2019","51.78","51.73","52.05","51.73","0.27%"
"Jan 11, 2019","51.64","52.22","53.23","51.12","-1.07%"
"Jan 10, 2019","52.20","52.09","52.70","51.31","0.23%"
"Jan 09, 2019","52.08","49.88","52.48","49.84","4.39%"
"Jan 08, 2019","49.89","48.64","49.92","48.22","2.53%"
"Jan 07, 2019","48.66","48.51","49.68","48.24","0.35%"
"Jan 06, 2019","48.49","48.18","48.53","48.02","0.64%"
"Jan 04, 2019","48.18","46.76","49.09","46.52","2.99%"
"Jan 03, 2019","46.78","45.66","47.34","45.23","2.45%"
"Jan 02, 2019","45.66","45.72","47.61","44.23","1.47%"
"Dec 31, 2018","45.00","45.34","46.36","44.59","-0.75%"
"Dec 30, 2018","45.34","45.14","45.44","45.12","0.94%"
"Dec 28, 2018","44.92","45.23","46.02","44.27","-0.69%"
"Dec 27, 2018","45.23","46.41","46.41","44.20","-2.50%"
"Dec 26, 2018","46.39","43.09","46.78","42.34","9.75%"
"Dec 24, 2018","42.27","45.34","45.95","42.22","-6.75%"
"Dec 23, 2018","45.33","45.19","45.47","45.18","0.55%"
"Dec 21, 2018","45.08","46.08","46.47","44.86","-2.13%"
"Dec 20, 2018","46.06","47.07","47.20","45.39","-2.17%"
"Dec 19, 2018","47.08","46.31","48.01","46.01","1.68%"
"Dec 18, 2018","46.30","49.31","49.56","45.80","-6.12%"
"Dec 17, 2018","49.32","51.30","51.84","49.03","-3.86%"
"Dec 16, 2018","51.30","51.23","51.38","51.23","0.25%"
"Dec 14, 2018","51.17","52.78","52.78","50.83","-3.05%"
"Dec 13, 2018","52.78","51.32","53.20","50.31","2.86%"
"Dec 12, 2018","51.31","51.99","52.77","50.91","-1.29%"
"Dec 11, 2018","51.98","50.90","52.35","50.65","2.14%"
"Dec 10, 2018","50.89","52.36","52.73","50.53","-2.75%"
"Dec 09, 2018","52.33","52.08","52.51","52.08","0.54%"
"Dec 07, 2018","52.05","51.42","54.13","50.52","1.23%"
"Dec 06, 2018","51.42","52.58","53.20","50.02","-2.22%"
"Dec 05, 2018","52.59","52.69","54.28","52.08","-0.17%"
"Dec 04, 2018","52.68","53.14","54.45","52.38","-0.90%"
"Dec 03, 2018","53.16","52.22","53.73","51.97","1.82%"
"Dec 02, 2018","52.21","52.40","52.40","51.94","3.18%"
"Nov 30, 2018","50.60","51.30","51.66","49.56","-1.31%"
"Nov 29, 2018","51.27","50.48","52.06","49.34","1.59%"
"Nov 28, 2018","50.47","51.92","52.41","49.96","-2.81%"
"Nov 27, 2018","51.93","51.47","52.22","50.19","0.93%"
"Nov 26, 2018","51.45","50.45","52.09","50.23","1.98%"
"Nov 25, 2018","50.45","50.47","50.91","50.02","-0.86%"
"Nov 23, 2018","50.89","53.88","53.91","50.43","-5.48%"
"Nov 22, 2018","53.84","54.48","54.63","53.36","-1.16%"
"Nov 21, 2018","54.47","53.33","55.66","53.30","2.20%"
"Nov 20, 2018","53.30","57.17","57.21","52.61","-6.80%"
"Nov 19, 2018","57.19","57.10","57.38","55.09","0.18%"
"Nov 18, 2018","57.09","56.80","57.15","56.71","0.49%"
"Nov 16, 2018","56.81","56.48","57.94","55.90","0.60%"
"Nov 15, 2018","56.47","55.89","57.23","55.59","1.04%"
"Nov 14, 2018","55.89","55.69","57.30","55.12","0.34%"
"Nov 13, 2018","55.70","58.92","59.33","54.76","-5.50%"
"Nov 12, 2018","58.94","60.74","61.24","58.66","-3.00%"
"Nov 11, 2018","60.76","60.69","60.92","60.53","1.61%"
"Nov 09, 2018","59.80","60.69","60.73","59.24","-1.45%"
"Nov 08, 2018","60.68","61.63","62.37","60.41","-1.53%"
"Nov 07, 2018","61.62","61.76","63.12","61.16","-0.19%"
"Nov 06, 2018","61.74","62.78","63.26","61.27","-1.69%"
"Nov 05, 2018","62.80","62.91","64.08","62.48","-0.17%"
"Nov 04, 2018","62.91","62.95","63.01","62.83","0.22%"
"Nov 02, 2018","62.77","63.52","63.88","62.59","-1.18%"
"Nov 01, 2018","63.52","64.92","65.30","63.07","-2.20%"
"Oct 31, 2018","64.95","66.36","66.90","64.73","-2.18%"
"Oct 30, 2018","66.40","66.58","67.16","65.29","-0.32%"
"Oct 29, 2018","66.61","67.60","67.85","66.22","-1.45%"
"Oct 28, 2018","67.59","67.46","67.66","67.42","0.13%"
"Oct 26, 2018","67.50","66.82","67.77","66.11","1.03%"
"Oct 25, 2018","66.81","66.08","67.53","65.92","1.14%"
"Oct 24, 2018","66.06","66.22","67.61","65.94","-0.32%"
"Oct 23, 2018","66.27","69.48","69.50","65.64","-4.61%"
"Oct 22, 2018","69.47","69.31","69.71","68.34","0.19%"
"Oct 21, 2018","69.34","69.52","69.55","69.18","-0.07%"
"Oct 19, 2018","69.39","68.85","69.79","68.59","0.81%"
"Oct 18, 2018","68.83","69.94","70.00","68.53","-1.60%"
"Oct 17, 2018","69.95","72.33","72.36","69.50","-3.28%"
"Oct 16, 2018","72.32","71.93","72.49","71.11","0.56%"
"Oct 15, 2018","71.92","72.42","72.47","70.94","-0.65%"
"Oct 14, 2018","72.39","72.00","72.78","71.86","1.16%"
"Oct 12, 2018","71.56","71.19","72.11","70.77","0.51%"
"Oct 11, 2018","71.20","72.78","72.84","70.64","-2.20%"
"Oct 10, 2018","72.80","74.90","75.22","72.53","-2.82%"
"Oct 09, 2018","74.91","74.44","75.41","74.16","0.66%"
"Oct 08, 2018","74.42","74.03","74.50","73.27","0.50%"
"Oct 07, 2018","74.05","74.62","74.73","73.81","-0.60%"
"Oct 05, 2018","74.50","74.95","75.41","74.17","-0.63%"
"Oct 04, 2018","74.97","76.41","76.67","74.11","-1.86%"
"Oct 03, 2018","76.39","75.41","77.12","74.56","1.29%"
"Oct 02, 2018","75.42","75.76","76.14","75.17","-0.46%"
"Oct 01, 2018","75.77","73.73","76.00","73.19","2.74%"
"Sep 30, 2018","73.75","73.58","73.78","73.56","-0.04%"
"Sep 28, 2018","73.78","72.42","74.00","72.16","1.88%"
"Sep 27, 2018","72.42","72.44","72.86","72.02","0.00%"
"Sep 26, 2018","72.42","72.25","72.67","71.78","0.26%"
"Sep 25, 2018","72.23","72.47","73.05","72.19","-0.37%"
"Sep 24, 2018","72.50","71.92","73.06","71.81","0.96%"
"Sep 23, 2018","71.81","71.58","71.98","71.55","1.01%"
"Sep 21, 2018","71.09","70.56","72.11","70.33","0.77%"
"Sep 20, 2018","70.55","71.41","71.70","70.39","-1.22%"
"Sep 19, 2018","71.42","69.88","71.55","69.69","2.23%"
"Sep 18, 2018","69.86","68.62","70.48","68.61","1.82%"
"Sep 17, 2018","68.61","68.86","69.80","68.61","-0.41%"
"Sep 16, 2018","68.89","69.11","69.16","68.89","-0.40%"
"Sep 14, 2018","69.17","69.06","70.08","68.13","0.19%"
"Sep 13, 2018","69.04","70.42","70.44","68.56","-1.92%"
"Sep 12, 2018","70.39","70.11","71.50","69.75","0.43%"
"Sep 11, 2018","70.09","67.84","70.25","67.75","3.29%"
"Sep 10, 2018","67.86","68.39","68.81","67.64","-0.82%"
"Sep 09, 2018","68.42","68.14","68.45","68.14","0.37%"
"Sep 07, 2018","68.17","68.33","68.46","67.23","-0.23%"
"Sep 06, 2018","68.33","69.01","69.42","67.39","-1.00%"
"Sep 05, 2018","69.02","69.84","70.03","68.99","-1.20%"
"Sep 04, 2018","69.86","70.60","71.89","69.55","-1.06%"
"Sep 03, 2018","70.61","70.42","70.71","70.06","0.24%"
"Sep 02, 2018","70.44","70.44","70.51","70.41","-0.07%"
"Aug 31, 2018","70.49","70.67","70.96","70.25","-0.21%"
"Aug 30, 2018","70.64","70.31","71.11","70.19","0.48%"
"Aug 29, 2018","70.30","69.22","70.39","69.03","1.56%"
"Aug 28, 2018","69.22","69.66","69.86","68.88","-0.65%"
"Aug 27, 2018","69.67","69.37","69.72","69.05","0.42%"
"Aug 26, 2018","69.38","69.31","69.39","69.25","0.06%"
"Aug 24, 2018","69.34","68.67","70.10","68.58","1.01%"
"Aug 23, 2018","68.65","68.82","68.88","68.14","-0.23%"
"Aug 22, 2018","68.81","66.89","68.96","66.81","2.89%"
"Aug 21, 2018","66.88","66.31","67.33","66.17","0.86%"
"Aug 20, 2018","66.31","65.86","66.42","65.65","0.68%"
"Aug 19, 2018","65.86","65.99","66.00","65.84","-0.33%"
"Aug 17, 2018","66.08","65.58","66.53","65.50","0.72%"
"Aug 16, 2018","65.61","65.09","65.72","64.69","0.77%"
"Aug 15, 2018","65.11","67.00","67.17","64.76","-2.85%"
"Aug 14, 2018","67.02","67.73","68.66","66.83","-1.03%"
"Aug 13, 2018","67.72","68.19","68.19","66.05","-0.66%"
"Aug 12, 2018","68.17","68.16","68.31","67.97","-0.09%"
"Aug 10, 2018","68.23","67.24","68.33","66.62","1.46%"
"Aug 09, 2018","67.25","67.30","67.92","67.02","-0.09%"
"Aug 08, 2018","67.31","69.79","69.94","66.89","-3.54%"
"Aug 07, 2018","69.78","69.50","70.43","69.44","0.40%"
"Aug 06, 2018","69.50","69.23","70.56","69.20","0.36%"
"Aug 05, 2018","69.25","69.30","69.33","69.17","-0.24%"
"Aug 03, 2018","69.42","69.73","70.00","68.64","-0.43%"
"Aug 02, 2018","69.72","68.62","70.17","67.73","1.57%"
"Aug 01, 2018","68.64","69.28","69.36","68.16","-0.92%"
"Jul 31, 2018","69.28","71.03","71.16","69.03","-2.48%"
"Jul 30, 2018","71.04","69.91","71.39","69.76","1.60%"
"Jul 29, 2018","69.92","70.00","70.03","69.89","-0.21%"
"Jul 27, 2018","70.07","70.67","70.83","69.33","-0.81%"
"Jul 26, 2018","70.64","70.59","71.05","70.06","0.09%"
"Jul 25, 2018","70.58","69.93","70.84","69.36","0.96%"
"Jul 24, 2018","69.91","69.00","70.24","68.78","1.29%"
"Jul 23, 2018","69.02","69.56","70.56","68.83","-0.73%"
"Jul 22, 2018","69.53","69.39","69.61","69.33","0.09%"
"Jul 20, 2018","69.47","69.53","70.28","69.08","-0.07%"
"Jul 19, 2018","69.52","68.92","70.17","67.81","0.84%"
"Jul 18, 2018","68.94","67.83","69.06","67.08","1.67%"
"Jul 17, 2018","67.81","68.06","68.45","67.10","-0.40%"
"Jul 16, 2018","68.08","70.70","70.89","67.61","-3.72%"
"Jul 15, 2018","70.71","70.53","70.87","70.51","0.17%"
"Jul 13, 2018","70.59","70.33","71.69","69.89","0.33%"
"Jul 12, 2018","70.36","70.62","71.25","69.30","-0.40%"
"Jul 11, 2018","70.64","74.08","74.08","70.07","-4.64%"
"Jul 10, 2018","74.08","74.04","74.73","73.72","0.07%"
"Jul 09, 2018","74.03","73.94","74.30","73.05","0.12%"
"Jul 08, 2018","73.94","73.92","74.12","73.81","-0.08%"
"Jul 06, 2018","74.00","73.17","74.06","72.22","1.16%"
"Jul 05, 2018","73.15","74.20","74.86","72.62","-1.44%"
"Jul 04, 2018","74.22","74.70","74.84","73.59","-0.67%"
"Jul 03, 2018","74.72","74.08","75.34","72.86","0.89%"
"Jul 02, 2018","74.06","73.58","74.43","73.20","0.64%"
"Jul 01, 2018","73.59","73.72","74.03","72.78","-1.08%"
"Jun 29, 2018","74.39","73.47","74.56","73.05","1.28%"
"Jun 28, 2018","73.45","72.61","74.11","72.38","1.16%"
"Jun 27, 2018","72.61","70.74","73.17","70.69","2.63%"
"Jun 26, 2018","70.75","68.16","70.99","67.86","3.80%"
"Jun 25, 2018","68.16","68.90","69.52","67.92","-1.06%"
"Jun 24, 2018","68.89","68.87","68.98","68.48","-0.66%"
"Jun 22, 2018","69.35","66.01","69.51","65.97","5.12%"
"Jun 21, 2018","65.97","65.69","66.35","64.48","0.46%"
"Jun 20, 2018","65.67","65.27","66.48","64.94","0.64%"
"Jun 19, 2018","65.25","65.61","65.83","64.39","-0.55%"
"Jun 18, 2018","65.61","64.38","65.97","63.59","1.89%"
"Jun 17, 2018","64.39","64.41","64.53","64.19","0.06%"
"Jun 15, 2018","64.35","66.95","67.06","64.28","-3.87%"
"Jun 14, 2018","66.94","66.62","67.14","66.34","0.48%"
"Jun 13, 2018","66.62","65.82","66.83","65.80","1.20%"
"Jun 12, 2018","65.83","66.11","66.65","65.50","-0.42%"
"Jun 11, 2018","66.11","65.53","66.31","64.83","0.90%"
"Jun 10, 2018","65.52","65.50","65.55","65.30","-0.05%"
"Jun 08, 2018","65.55","66.11","66.17","65.19","-0.82%"
"Jun 07, 2018","66.09","65.12","66.14","64.80","1.51%"
"Jun 06, 2018","65.11","65.52","65.92","64.25","-0.61%"
"Jun 05, 2018","65.51","64.92","65.57","64.19","0.91%"
"Jun 04, 2018","64.92","65.70","65.98","64.53","-1.22%"
"Jun 03, 2018","65.72","65.61","65.72","65.53","0.02%"
"Jun 01, 2018","65.71","67.05","67.28","65.45","-1.95%"
"May 31, 2018","67.02","68.06","68.15","66.58","-1.50%"
"May 30, 2018","68.04","66.75","68.55","66.30","1.96%"
"May 29, 2018","66.73","66.95","67.27","65.86","-0.36%"
"May 28, 2018","66.97","67.31","67.33","65.73","-0.48%"
"May 27, 2018","67.29","67.28","67.42","66.93","-0.19%"
"May 25, 2018","67.42","70.61","70.66","67.34","-4.49%"
"May 24, 2018","70.59","71.73","71.77","70.45","-1.62%"
"May 23, 2018","71.75","72.09","72.16","71.11","-0.46%"
"May 22, 2018","72.08","72.44","72.80","71.81","-0.50%"
"May 21, 2018","72.44","71.67","72.58","71.25","1.07%"
"May 20, 2018","71.67","71.36","71.81","71.36","0.39%"
"May 18, 2018","71.39","71.56","71.75","71.00","-0.27%"
"May 17, 2018","71.58","71.53","72.30","71.11","0.04%"
"May 16, 2018","71.55","70.98","71.58","70.67","0.82%"
"May 15, 2018","70.97","71.06","71.89","70.44","-0.13%"
"May 14, 2018","71.06","70.66","71.23","70.28","0.59%"
"May 13, 2018","70.64","70.50","70.69","70.44","0.17%"
"May 11, 2018","70.52","71.52","71.59","70.45","-1.37%"
"May 10, 2018","71.50","71.41","71.86","70.58","0.11%"
"May 09, 2018","71.42","70.20","71.50","70.13","1.72%"
"May 08, 2018","70.21","70.01","70.36","67.65","0.27%"
"May 07, 2018","70.02","69.79","70.82","69.51","0.34%"
"May 06, 2018","69.78","69.88","69.89","69.76","0.00%"
"May 04, 2018","69.78","68.52","69.95","68.13","1.85%"
"May 03, 2018","68.51","67.68","68.63","67.22","1.26%"
"May 02, 2018","67.66","67.44","68.13","66.93","0.31%"
"May 01, 2018","67.45","68.54","68.84","66.86","-1.58%"
"Apr 30, 2018","68.53","67.98","69.33","67.19","0.79%"
"Apr 29, 2018","67.99","68.16","68.16","67.95","0.01%"
"Apr 27, 2018","67.98","68.11","68.34","67.64","-0.19%"
"Apr 26, 2018","68.11","68.20","68.77","67.72","-0.16%"
"Apr 25, 2018","68.22","67.83","68.31","67.11","0.57%"
"Apr 24, 2018","67.83","69.00","69.36","67.55","-1.67%"
"Apr 23, 2018","68.98","68.25","69.03","67.14","1.10%"
"Apr 22, 2018","68.23","68.17","68.39","68.17","0.21%"
"Apr 20, 2018","68.09","68.36","68.64","67.48","-0.44%"
"Apr 19, 2018","68.39","68.74","69.55","68.00","-0.52%"
"Apr 18, 2018","68.75","66.61","68.89","66.61","3.24%"
"Apr 17, 2018","66.59","66.44","66.73","65.56","0.26%"
"Apr 16, 2018","66.42","67.13","67.14","66.14","-1.07%"
"Apr 15, 2018","67.14","67.37","67.69","67.01","-0.25%"
"Apr 13, 2018","67.31","66.86","67.72","66.69","0.72%"
"Apr 12, 2018","66.83","66.81","67.30","65.98","0.04%"
"Apr 11, 2018","66.80","65.61","67.36","65.13","1.80%"
"Apr 10, 2018","65.62","63.25","65.83","63.19","3.73%"
"Apr 09, 2018","63.26","62.14","63.58","62.06","1.82%"
"Apr 08, 2018","62.13","61.97","62.16","61.91","0.39%"
"Apr 06, 2018","61.89","63.14","63.63","61.77","-1.95%"
"Apr 05, 2018","63.12","63.62","64.08","62.83","-0.77%"
"Apr 04, 2018","63.61","63.50","63.66","62.03","0.20%"
"Apr 03, 2018","63.48","63.02","63.78","62.98","0.73%"
"Apr 02, 2018","63.02","65.05","65.36","62.79","-3.09%"
"Apr 01, 2018","65.03","64.84","65.08","64.84","0.26%"
"Mar 29, 2018","64.86","64.61","65.19","64.11","0.39%"
"Mar 28, 2018","64.61","64.76","65.05","63.66","-0.22%"
"Mar 27, 2018","64.75","65.52","66.33","64.48","-1.15%"
"Mar 26, 2018","65.50","66.33","66.38","65.02","-1.25%"
"Mar 25, 2018","66.33","65.81","66.47","65.58","0.88%"
"Mar 23, 2018","65.75","64.48","65.91","64.33","1.99%"
"Mar 22, 2018","64.47","65.31","65.36","64.03","-1.27%"
"Mar 21, 2018","65.30","63.67","65.62","63.51","2.58%"
"Mar 20, 2018","63.66","62.15","63.89","62.14","2.45%"
"Mar 19, 2018","62.14","62.12","62.35","61.38","0.03%"
"Mar 18, 2018","62.12","62.20","62.20","62.10","-0.22%"
"Mar 16, 2018","62.26","61.25","62.55","61.09","1.63%"
"Mar 15, 2018","61.26","60.97","61.55","60.84","0.51%"
"Mar 14, 2018","60.95","60.91","61.34","60.14","0.10%"
"Mar 13, 2018","60.89","61.33","61.98","60.30","-0.69%"
"Mar 12, 2018","61.31","62.19","62.35","60.70","-1.40%"
"Mar 11, 2018","62.18","62.11","62.24","62.10","0.00%"
"Mar 09, 2018","62.18","60.33","62.20","60.17","3.08%"
"Mar 08, 2018","60.32","61.34","61.44","60.03","-1.66%"
"Mar 07, 2018","61.34","62.07","62.62","60.63","-1.19%"
"Mar 06, 2018","62.08","62.66","63.31","62.01","-0.91%"
"Mar 05, 2018","62.65","61.62","62.84","61.16","1.67%"
"Mar 04, 2018","61.62","61.63","61.77","61.53","0.16%"
"Mar 02, 2018","61.52","61.29","61.64","60.20","0.36%"
"Mar 01, 2018","61.30","60.75","61.59","60.44","-0.36%"
"Feb 28, 2018","61.52","62.88","63.47","61.44","-2.18%"
"Feb 27, 2018","62.89","64.03","64.14","62.71","-1.81%"
"Feb 26, 2018","64.05","63.66","64.30","63.13","0.64%"
"Feb 25, 2018","63.64","63.66","63.67","63.62","-0.02%"
"Feb 23, 2018","63.65","62.73","63.80","62.41","1.47%"
"Feb 22, 2018","62.73","61.31","63.16","60.88","2.28%"
"Feb 21, 2018","61.33","61.73","61.92","61.01","-0.65%"
"Feb 20, 2018","61.73","62.48","62.72","61.52","-1.18%"
"Feb 19, 2018","62.47","61.82","62.58","61.78","1.04%"
"Feb 18, 2018","61.83","61.63","61.84","61.62","0.29%"
"Feb 16, 2018","61.65","61.49","61.99","60.89","0.26%"
"Feb 15, 2018","61.49","60.84","61.65","59.74","1.08%"
"Feb 14, 2018","60.83","58.96","60.91","58.22","3.15%"
"Feb 13, 2018","58.97","59.53","59.74","58.43","-0.97%"
"Feb 12, 2018","59.55","59.38","60.79","59.23","0.27%"
"Feb 11, 2018","59.39","59.17","59.43","59.13","0.51%"
"Feb 09, 2018","59.09","60.52","60.78","58.10","-2.36%"
"Feb 08, 2018","60.52","61.72","62.12","60.30","-1.93%"
"Feb 07, 2018","61.71","63.91","64.22","61.29","-3.44%"
"Feb 06, 2018","63.91","63.62","64.33","63.16","0.46%"
"Feb 05, 2018","63.62","65.05","65.44","63.42","-2.21%"
"Feb 04, 2018","65.06","65.14","65.14","64.93","-0.09%"
"Feb 02, 2018","65.12","66.12","66.35","64.53","-1.50%"
"Feb 01, 2018","66.11","64.92","66.29","64.69","1.82%"
"Jan 31, 2018","64.93","63.84","65.05","63.83","1.72%"
"Jan 30, 2018","63.83","65.55","65.56","63.73","-2.64%"
"Jan 29, 2018","65.56","66.32","66.52","65.05","-1.13%"
"Jan 28, 2018","66.31","66.30","66.33","66.18","0.00%"
"Jan 26, 2018","66.31","65.21","66.41","65.21","1.67%"
"Jan 25, 2018","65.22","65.84","66.72","65.01","-0.96%"
"Jan 24, 2018","65.85","64.50","66.12","64.44","2.08%"
"Jan 23, 2018","64.51","63.95","64.94","63.78","0.89%"
"Jan 22, 2018","63.94","63.50","64.19","63.14","0.71%"
"Jan 21, 2018","63.49","63.57","63.59","63.32","-0.11%"
"Jan 19, 2018","63.56","63.67","63.74","62.84","-0.16%"
"Jan 18, 2018","63.66","64.20","64.28","63.47","-0.86%"
"Jan 17, 2018","64.21","63.86","64.33","63.31","0.53%"
"Jan 16, 2018","63.87","64.75","64.75","63.38","-1.31%"
"Jan 15, 2018","64.72","64.27","64.79","64.09","0.68%"
"Jan 14, 2018","64.28","64.40","64.42","64.19","-0.16%"
"Jan 12, 2018","64.38","63.52","64.48","63.05","1.37%"
"Jan 11, 2018","63.51","63.43","64.74","63.43","0.11%"
"Jan 10, 2018","63.44","63.33","63.65","63.08","0.16%"
"Jan 09, 2018","63.34","62.22","63.51","61.78","1.78%"
"Jan 08, 2018","62.23","61.63","62.52","61.31","0.96%"
"Jan 07, 2018","61.64","61.68","61.70","61.62","0.15%"
"Jan 05, 2018","61.55","61.91","62.01","61.09","-0.60%"
"Jan 04, 2018","61.92","61.80","62.18","61.58","0.18%"
"Jan 03, 2018","61.81","60.39","61.93","60.26","2.33%"
"Jan 02, 2018","60.40","60.22","60.71","60.09","0.28%"
"Dec 29, 2017","60.23","59.80","60.45","59.79","0.70%"
"Dec 28, 2017","59.81","59.55","59.89","59.42","0.45%"
"Dec 27, 2017","59.54","59.77","59.89","59.30","-0.40%"
"Dec 26, 2017","59.78","58.52","59.97","58.29","2.29%"
"Dec 22, 2017","58.44","58.13","58.45","57.84","0.52%"
"Dec 21, 2017","58.14","57.99","58.34","57.59","0.24%"
"Dec 20, 2017","58.00","57.64","58.07","57.44","0.61%"
"Dec 19, 2017","57.65","57.27","57.73","57.16","0.65%"
"Dec 18, 2017","57.28","57.37","57.77","56.84","-0.17%"
"Dec 17, 2017","57.38","57.36","57.41","57.35","0.12%"
"Dec 15, 2017","57.31","57.05","57.43","56.93","0.46%"
"Dec 14, 2017","57.05","56.75","57.27","56.05","0.55%"
"Dec 13, 2017","56.74","57.39","57.76","56.51","-1.17%"
"Dec 12, 2017","57.41","57.87","58.50","56.80","-0.81%"
"Dec 11, 2017","57.88","57.11","58.00","56.87","1.33%"
"Dec 10, 2017","57.12","57.20","57.20","57.08","-0.23%"
"Dec 08, 2017","57.25","56.49","57.69","56.47","1.33%"
"Dec 07, 2017","56.50","56.01","56.68","55.74","0.91%"
"Dec 06, 2017","55.99","57.36","57.47","55.78","-2.35%"
"Dec 05, 2017","57.34","57.36","57.80","56.98","-0.02%"
"Dec 04, 2017","57.35","58.10","58.12","57.25","-1.27%"
"Dec 03, 2017","58.09","58.19","58.19","58.05","-0.14%"
"Dec 01, 2017","58.17","57.23","58.74","57.22","1.62%"
"Nov 30, 2017","57.24","57.22","57.83","56.74","0.02%"
"Nov 29, 2017","57.23","57.57","58.14","56.62","-0.57%"
"Nov 28, 2017","57.56","57.72","57.95","57.28","-0.26%"
"Nov 27, 2017","57.71","58.70","58.76","57.40","-1.70%"
"Nov 26, 2017","58.71","58.81","58.81","58.68","0.05%"
"Nov 24, 2017","58.68","58.20","58.73","58.19","0.79%"
"Nov 23, 2017","58.22","57.78","58.33","57.57","0.74%"
"Nov 22, 2017","57.79","56.88","57.94","56.88","1.60%"
"Nov 21, 2017","56.88","56.15","57.01","56.13","1.28%"
"Nov 20, 2017","56.16","56.57","56.76","55.57","-0.74%"
"Nov 19, 2017","56.58","56.59","56.59","56.51","-0.05%"
"Nov 17, 2017","56.61","55.17","56.64","55.17","2.61%"
"Nov 16, 2017","55.17","55.26","55.57","54.91","-0.14%"
"Nov 15, 2017","55.25","55.02","55.50","54.89","0.42%"
"Nov 14, 2017","55.02","56.66","56.69","54.78","-2.91%"
"Nov 13, 2017","56.67","56.83","57.09","56.24","-0.30%"
"Nov 12, 2017","56.84","56.83","56.95","56.82","0.05%"
"Nov 10, 2017","56.81","56.95","57.26","56.48","-0.26%"
"Nov 09, 2017","56.96","56.76","57.42","56.61","0.33%"
"Nov 08, 2017","56.77","56.92","57.81","56.36","-0.25%"
"Nov 07, 2017","56.91","57.11","57.58","56.75","-0.37%"
"Nov 06, 2017","57.12","55.71","57.49","55.55","2.51%"
"Nov 05, 2017","55.72","55.80","55.87","55.68","0.23%"
"Nov 03, 2017","55.59","54.78","55.62","54.29","1.46%"
"Nov 02, 2017","54.79","54.12","54.89","53.86","1.26%"
"Nov 01, 2017","54.11","54.44","55.07","53.76","-0.59%"
"Oct 31, 2017","54.43","53.92","54.67","53.78","0.96%"
"Oct 30, 2017","53.91","53.91","54.29","53.60","0.00%"
"Oct 29, 2017","53.91","53.93","53.93","53.88","-0.17%"
"Oct 27, 2017","54.00","52.51","54.01","52.09","2.86%"
"Oct 26, 2017","52.50","51.96","52.68","51.75","1.06%"
"Oct 25, 2017","51.95","52.27","52.28","51.73","-0.61%"
"Oct 24, 2017","52.27","51.71","52.38","51.37","1.06%"
"Oct 23, 2017","51.72","51.91","52.09","51.50","-0.37%"
"Oct 22, 2017","51.91","51.88","52.03","51.88","0.14%"
"Oct 20, 2017","51.84","51.41","51.85","50.66","0.88%"
"Oct 19, 2017","51.39","52.09","52.14","51.07","-1.32%"
"Oct 18, 2017","52.08","51.98","52.30","51.66","0.19%"
"Oct 17, 2017","51.98","51.78","52.20","51.18","0.37%"
"Oct 16, 2017","51.79","51.81","52.30","51.56","-0.06%"
"Oct 15, 2017","51.82","51.37","51.91","51.33","0.99%"
"Oct 13, 2017","51.31","50.61","51.61","50.60","1.40%"
"Oct 12, 2017","50.60","50.98","51.01","50.05","-0.73%"
"Oct 11, 2017","50.97","50.75","51.28","50.49","0.45%"
"Oct 10, 2017","50.74","49.44","50.92","49.42","2.65%"
"Oct 09, 2017","49.43","49.29","49.62","48.98","0.30%"
"Oct 08, 2017","49.28","49.09","49.30","49.09","0.51%"
"Oct 06, 2017","49.03","50.55","50.62","48.92","-3.03%"
"Oct 05, 2017","50.56","49.67","50.99","49.63","1.81%"
"Oct 04, 2017","49.66","49.84","50.45","49.61","-0.34%"
"Oct 03, 2017","49.83","50.30","50.49","49.72","-0.93%"
"Oct 02, 2017","50.30","51.37","51.41","49.83","-2.06%"
"Oct 01, 2017","51.36","51.38","51.45","51.36","0.04%"
"Sep 29, 2017","51.34","51.30","51.47","50.98","0.12%"
"Sep 28, 2017","51.28","51.76","52.54","50.92","-0.91%"
"Sep 27, 2017","51.75","51.76","52.01","51.33","0.02%"
"Sep 26, 2017","51.74","51.72","52.07","51.10","0.02%"
"Sep 25, 2017","51.73","50.28","51.92","50.05","2.90%"
"Sep 24, 2017","50.27","50.35","50.35","50.25","0.00%"
"Sep 22, 2017","50.27","50.30","50.39","49.91","-0.08%"
"Sep 21, 2017","50.31","50.30","50.40","49.68","0.02%"
"Sep 20, 2017","50.30","49.80","50.70","49.74","1.02%"
"Sep 19, 2017","49.79","49.94","50.42","49.32","-0.32%"
"Sep 18, 2017","49.95","49.78","50.31","49.19","0.32%"
"Sep 17, 2017","49.79","49.84","49.85","49.70","-0.02%"
"Sep 15, 2017","49.80","49.73","50.09","49.38","0.16%"
"Sep 14, 2017","49.72","49.17","50.46","49.12","1.08%"
"Sep 13, 2017","49.19","48.26","49.36","48.09","1.95%"
"Sep 12, 2017","48.25","48.02","48.39","47.70","0.48%"
"Sep 11, 2017","48.02","47.63","48.20","46.95","0.84%"
"Sep 10, 2017","47.62","47.52","47.67","47.52","0.27%"
"Sep 08, 2017","47.49","49.05","49.18","47.22","-3.16%"
"Sep 07, 2017","49.04","49.09","49.25","48.56","-0.10%"
"Sep 06, 2017","49.09","48.49","49.34","48.44","1.22%"
"Sep 05, 2017","48.50","47.33","48.89","47.27","2.49%"
"Sep 04, 2017","47.32","47.28","47.55","47.17","-0.02%"
"Sep 01, 2017","47.33","47.12","47.39","46.60","0.53%"
"Aug 31, 2017","47.08","45.97","47.49","45.60","2.48%"
"Aug 30, 2017","45.94","46.34","46.75","45.88","-0.80%"
"Aug 29, 2017","46.31","46.87","46.97","45.77","-1.00%"
"Aug 28, 2017","46.78","47.94","48.25","46.19","-2.20%"
"Aug 25, 2017","47.83","47.65","47.94","47.42","0.50%"
"Aug 24, 2017","47.59","48.39","48.47","47.09","-1.65%"
"Aug 23, 2017","48.39","47.67","48.53","47.56","1.57%"
"Aug 22, 2017","47.64","47.45","48.03","47.20","0.02%"
"Aug 21, 2017","47.63","48.98","49.02","47.30","-2.06%"
"Aug 18, 2017","48.63","47.05","48.86","46.90","3.58%"
"Aug 17, 2017","46.95","46.84","47.23","46.50","0.36%"
"Aug 16, 2017","46.78","47.74","48.01","46.69","-1.93%"
"Aug 15, 2017","47.70","47.52","47.92","47.05","0.38%"
"Aug 14, 2017","47.52","48.80","49.17","47.45","-2.62%"
"Aug 11, 2017","48.80","48.57","49.02","48.02","0.58%"
"Aug 10, 2017","48.52","49.70","50.24","48.38","-2.35%"
"Aug 09, 2017","49.69","49.03","49.75","48.93","1.47%"
"Aug 08, 2017","48.97","49.33","49.81","48.88","-0.73%"
"Aug 07, 2017","49.33","49.62","49.77","48.58","-0.38%"
"Aug 04, 2017","49.52","48.98","49.66","48.52","1.21%"
"Aug 03, 2017","48.93","49.62","49.99","48.81","-1.31%"
"Aug 02, 2017","49.58","48.85","49.70","48.60","1.64%"
"Aug 01, 2017","48.78","50.22","50.44","48.38","-2.81%"
"Jul 31, 2017","50.19","49.88","50.44","49.21","0.84%"
"Jul 28, 2017","49.77","49.22","49.86","48.91","1.28%"
"Jul 27, 2017","49.14","48.73","49.28","48.28","0.86%"
"Jul 26, 2017","48.72","48.55","48.91","47.90","0.29%"
"Jul 25, 2017","48.58","46.52","48.71","46.44","4.59%"
"Jul 24, 2017","46.45","45.65","46.56","45.43","1.89%"
"Jul 21, 2017","45.59","46.92","47.23","45.55","-2.56%"
"Jul 20, 2017","46.79","47.09","47.55","46.66","-0.78%"
"Jul 19, 2017","47.16","46.38","47.39","46.27","1.97%"
"Jul 18, 2017","46.25","46.07","47.00","45.89","0.59%"
"Jul 17, 2017","45.98","46.72","46.92","45.92","-1.42%"
"Jul 14, 2017","46.64","46.14","46.81","45.86","1.22%"
"Jul 13, 2017","46.08","45.47","46.31","45.02","1.45%"
"Jul 12, 2017","45.42","45.80","46.54","45.17","-0.74%"
"Jul 11, 2017","45.76","44.62","45.85","43.87","2.72%"
"Jul 10, 2017","44.55","44.37","44.86","43.66","0.50%"
"Jul 07, 2017","44.33","45.39","45.45","43.81","-2.21%"
"Jul 06, 2017","45.33","45.67","46.56","45.20","-0.64%"
"Jul 05, 2017","45.62","47.07","47.35","44.54","-3.04%"
"Jul 03, 2017","47.05","46.30","47.12","45.94","1.53%"
"Jun 30, 2017","46.34","44.91","46.38","44.91","3.30%"
"Jun 29, 2017","44.86","44.92","45.48","44.68","-0.02%"
"Jun 28, 2017","44.87","43.73","44.93","43.70","2.61%"
"Jun 27, 2017","43.73","43.50","44.45","43.33","0.57%"
"Jun 26, 2017","43.48","43.19","43.69","42.67","0.83%"
"Jun 23, 2017","43.12","42.86","43.26","42.59","0.82%"
"Jun 22, 2017","42.77","42.61","43.38","42.32","0.64%"
"Jun 21, 2017","42.50","43.41","44.23","42.08","-1.69%"
"Jun 20, 2017","43.23","44.11","44.40","42.75","-1.97%"
"Jun 19, 2017","44.10","44.78","45.16","44.15","-1.34%"
"Jun 16, 2017","44.70","44.31","45.00","44.30","1.02%"
"Jun 15, 2017","44.25","44.72","44.84","44.25","-0.92%"
"Jun 14, 2017","44.66","45.96","46.51","44.56","-2.81%"
"Jun 13, 2017","45.95","46.05","46.61","45.59","-0.11%"
"Jun 12, 2017","46.00","45.83","46.73","45.69","0.13%"
"Jun 09, 2017","45.94","45.77","46.24","45.33","0.55%"
"Jun 08, 2017","45.69","45.89","46.22","45.23","-0.17%"
"Jun 07, 2017","45.77","48.00","48.25","45.67","-4.61%"
"Jun 06, 2017","47.98","47.43","48.43","46.97","1.22%"
"Jun 05, 2017","47.40","47.72","48.43","46.87","-0.77%"
"Jun 02, 2017","47.77","48.14","48.29","46.84","-0.50%"
"Jun 01, 2017","48.01","48.69","49.23","47.96","-1.27%"
"May 31, 2017","48.63","49.67","49.73","47.75","-1.98%"
"May 30, 2017","49.61","49.97","50.33","49.08","-0.46%"
"May 26, 2017","49.84","48.80","49.98","48.23","2.40%"
"May 25, 2017","48.67","51.30","52.05","48.50","-5.13%"
"May 24, 2017","51.30","51.47","51.92","51.06","-0.41%"
"May 23, 2017","51.51","51.07","51.82","50.60","1.54%"
"May 22, 2017","50.73","50.60","51.06","50.44","0.48%"
"May 19, 2017","50.49","49.41","50.66","49.41","2.29%"
"May 18, 2017","49.36","49.02","49.69","48.13","0.86%"
"May 17, 2017","48.94","48.25","49.53","48.06","1.43%"
"May 16, 2017","48.25","48.86","49.42","48.20","-1.17%"
"May 15, 2017","48.82","47.89","49.70","47.79","2.01%"
"May 12, 2017","47.86","47.86","48.11","47.39","0.10%"
"May 11, 2017","47.81","47.43","48.26","47.38","0.99%"
"May 10, 2017","47.34","46.23","47.84","46.06","2.51%"
"May 09, 2017","46.18","46.55","46.84","45.59","-0.69%"
"May 08, 2017","46.50","46.36","46.98","45.73","0.06%"
"May 05, 2017","46.47","45.55","46.72","43.80","2.18%"
"May 04, 2017","45.48","47.63","47.78","45.32","-4.37%"
"May 03, 2017","47.56","48.16","48.27","47.33","-1.04%"
"May 02, 2017","48.06","48.82","49.32","47.39","-1.37%"
"May 01, 2017","48.73","49.19","49.34","48.61","-0.96%"
"Apr 28, 2017","49.20","49.33","49.81","48.85","-0.06%"
"Apr 27, 2017","49.23","49.26","49.47","48.24","0.10%"
"Apr 26, 2017","49.18","49.39","50.23","48.97","-0.41%"
"Apr 25, 2017","49.38","49.24","49.85","48.89","0.37%"
"Apr 24, 2017","49.20","49.70","50.24","49.05","-0.87%"
"Apr 21, 2017","49.63","50.73","50.95","49.22","-1.27%"
"Apr 20, 2017","50.27","50.63","50.97","50.18","-0.69%"
"Apr 19, 2017","50.62","52.92","53.21","50.65","-3.27%"
"Apr 18, 2017","52.33","52.82","52.92","52.17","-0.76%"
"Apr 17, 2017","52.73","52.99","53.23","52.57","-0.38%"
"Apr 13, 2017","52.93","52.87","53.41","52.84","0.17%"
"Apr 12, 2017","52.84","53.48","53.84","52.79","-1.07%"
"Apr 11, 2017","53.41","53.16","53.48","52.73","0.49%"
"Apr 10, 2017","53.15","52.34","53.21","52.32","1.57%"
"Apr 07, 2017","52.33","51.76","53.00","51.55","1.14%"
"Apr 06, 2017","51.74","50.83","51.85","50.80","1.77%"
"Apr 05, 2017","50.84","51.21","51.91","50.77","-0.51%"
"Apr 04, 2017","51.10","50.29","51.35","49.93","1.71%"
"Apr 03, 2017","50.24","50.72","50.86","50.15","-1.08%"
"Mar 31, 2017","50.79","50.38","50.91","49.96","0.85%"
"Mar 30, 2017","50.36","49.64","50.51","49.31","1.53%"
"Mar 29, 2017","49.60","48.51","49.67","48.42","2.37%"
"Mar 28, 2017","48.45","47.91","48.76","47.82","1.28%"
"Mar 27, 2017","47.84","48.14","48.30","47.10","-0.60%"
"Mar 24, 2017","48.13","47.70","48.23","47.57","0.96%"
"Mar 23, 2017","47.67","48.17","48.50","47.60","-0.94%"
"Mar 22, 2017","48.12","48.19","48.35","47.04","1.65%"
"Mar 21, 2017","47.34","47.93","48.73","47.23","-1.78%"
"Mar 20, 2017","48.20","48.80","48.84","47.94","-0.99%"
"Mar 17, 2017","48.68","48.87","49.28","48.68","-0.25%"
"Mar 16, 2017","48.80","49.06","49.67","48.51","-0.37%"
"Mar 15, 2017","48.98","48.80","49.08","48.19","1.03%"
"Mar 14, 2017","48.48","48.51","48.84","47.15","0.08%"
"Mar 13, 2017","48.44","48.49","48.72","47.94","0.12%"
"Mar 10, 2017","48.38","49.64","50.14","48.34","-2.50%"
"Mar 09, 2017","49.62","50.30","50.92","48.67","-1.14%"
"Mar 08, 2017","50.19","52.81","52.94","50.07","-4.89%"
"Mar 07, 2017","52.77","53.20","53.83","52.75","-0.77%"
"Mar 06, 2017","53.18","53.21","53.58","52.78","-0.04%"
"Mar 03, 2017","53.20","52.60","53.41","52.57","1.16%"
"Mar 02, 2017","52.59","53.75","53.86","52.60","-2.01%"
"Mar 01, 2017","53.67","53.98","54.47","53.66","-0.59%"
"Feb 28, 2017","53.99","54.07","54.26","53.21","-0.07%"
"Feb 27, 2017","54.03","54.03","54.61","53.94","0.06%"
"Feb 24, 2017","54.00","54.36","54.55","53.80","-0.72%"
"Feb 23, 2017","54.39","53.94","54.97","53.91","0.95%"
"Feb 22, 2017","53.88","54.27","54.61","53.36","-0.33%"
"Feb 21, 2017","54.06","53.48","54.68","53.35","1.27%"
"Feb 17, 2017","53.38","53.57","53.62","52.98","-0.09%"
"Feb 16, 2017","53.43","53.06","53.64","52.73","0.79%"
"Feb 15, 2017","53.01","53.03","53.54","52.76","-0.04%"
"Feb 14, 2017","53.03","52.94","53.75","52.89","0.28%"
"Feb 13, 2017","52.88","53.85","54.00","52.82","-1.78%"
"Feb 10, 2017","53.84","53.19","54.17","52.94","1.28%"
"Feb 09, 2017","53.16","52.39","53.23","52.39","1.47%"
"Feb 08, 2017","52.39","51.68","52.71","51.26","1.35%"
"Feb 07, 2017","51.69","53.19","53.28","51.67","-2.69%"
"Feb 06, 2017","53.12","53.84","54.16","52.93","-1.34%"
"Feb 03, 2017","53.84","53.73","54.27","53.45","0.26%"
"Feb 02, 2017","53.70","53.63","54.40","53.41","0.28%"
"Feb 01, 2017","53.55","52.77","53.92","52.66","1.42%"
"Jan 31, 2017","52.80","52.65","53.61","52.29","0.38%"
"Jan 30, 2017","52.60","53.19","53.50","52.45","-1.07%"
"Jan 27, 2017","53.17","53.81","54.16","52.66","-1.04%"
"Jan 26, 2017","53.73","52.98","54.09","52.81","1.49%"
"Jan 25, 2017","52.94","52.97","53.48","52.58","0.04%"
"Jan 24, 2017","52.92","52.88","53.58","52.69","0.15%"
"Jan 23, 2017","52.84","53.34","53.48","52.23","0.69%"
"Jan 20, 2017","52.48","52.98","54.42","52.91","1.96%"
"Jan 19, 2017","51.47","51.58","52.05","51.20","0.06%"
"Jan 18, 2017","51.44","52.66","52.93","51.05","-2.08%"
"Jan 17, 2017","52.53","52.59","53.56","52.16","0.00%"
"Jan 13, 2017","52.53","53.17","53.29","52.39","-0.98%"
"Jan 12, 2017","53.05","52.41","53.55","52.16","1.26%"
"Jan 11, 2017","52.39","50.87","52.84","50.81","3.19%"
"Jan 10, 2017","50.77","51.85","52.39","50.73","-1.93%"
"Jan 09, 2017","51.77","53.77","53.85","51.78","-3.58%"
"Jan 06, 2017","53.69","53.77","54.36","53.36","-0.13%"
"Jan 05, 2017","53.76","53.45","54.18","52.85","0.77%"
"Jan 04, 2017","53.35","52.53","53.47","52.19","1.66%"
"Jan 03, 2017","52.48","54.24","55.28","52.15","-2.62%"